id,created_at,text
1246637293743398912,2020-04-05 03:14:26,"b""RT @RomancingNope: Just so we're clear on how Trump is handling distributing PPE and ventilators:\n\n1) States are buying PPE and ventilators\xe2\x80\xa6"""
1246214270464880640,2020-04-03 23:13:30,b'RT @jallepap: This is absolutely nuts:  the Feds keeps seizing PPE ordered by MA.  In desperation the MA Gov creates a backchannel to Chine\xe2\x80\xa6'
1246205046796111873,2020-04-03 22:36:51,b'@b3nszy Etymology is a history of metaphors becoming literal.'
1246204108068945920,2020-04-03 22:33:07,"b""RT @alt_kia: @rfinz @suchaone @sonyasupposedly @warm_horizons we're gonna replicate this except on far larger scales because Westerners wou\xe2\x80\xa6"""
1246201098538323968,2020-04-03 22:21:09,b'RT @FerryDanini: To anyone wondering whether it is worth it to do public philosophy. Took me less than two days to write a paper that I sha\xe2\x80\xa6'
1246140558986186757,2020-04-03 18:20:36,"b'RT @Outsideness: ""If they lie this brazenly (and idiotically) about face masks, what else are they lying about?"" should accelerate regime d\xe2\x80\xa6'"
1245959470464696322,2020-04-03 06:21:01,"b'RT @Aelkus: If you are looking for a scientific study that will tell you how to act in a crisis situation, you are incapable of acting in a\xe2\x80\xa6'"
1245952746160701442,2020-04-03 05:54:18,"b'RT @the_aiju: My therapist: delta functions aren\xe2\x80\x99t real, they can\xe2\x80\x99t hurt you.\nUnemployment chart:'"
1245952685355884546,2020-04-03 05:54:03,"b'RT @prestonjbyrne: Translation: we lied to you for weeks so that there wouldn\xe2\x80\x99t be a run on N95s, Taiwan and Japan have known this all alon\xe2\x80\xa6'"
1245952512642805760,2020-04-03 05:53:22,"b""RT @gallabytes: Today in quarantining, discovered that SARS doesn't survive 15 minutes at 130f. 30 mins at 170f later, delivery food that I\xe2\x80\xa6"""
1245863552478408705,2020-04-02 23:59:52,b'RT @matthewputman: When it was clear that COVID-19 would overwhelm the medical system my inventor (50+ patents) father built a Cpap that wa\xe2\x80\xa6'
1245855511825625088,2020-04-02 23:27:55,"b'RT @alt_kia: @sonyasupposedly whoa funny how the reasoning based solely upon the randomized controlled study fades away when you have got,\xe2\x80\xa6'"
1245852920639148034,2020-04-02 23:17:37,"b'Using a failure to find a significant effect as evidence for no effect is invalid frequentist statistics!\n\n""We foun\xe2\x80\xa6 https://t.co/WlmXp36aJF'"
1245790495806066688,2020-04-02 19:09:34,b'RT @nosilverv: Two options: choose one. https://t.co/OPyxj4GJW7'
1245779862222077952,2020-04-02 18:27:19,"b""@NeoSomaliana I don't know if there is a common name for this."""
1245394841673981955,2020-04-01 16:57:23,b'Two Alternatives to Logical Counterfactuals https://t.co/U2FFTVtQwh'
1245250986702036993,2020-04-01 07:25:45,"b'There is an altered mental state a person enters into (""scapegoating consciousness"") when they feel that they are a\xe2\x80\xa6 https://t.co/1J2OXiqMVK'"
1245246018771251201,2020-04-01 07:06:01,b'RT @alt_kia: Flatten the curve? Taiwan is eviscerating the curve in part due to face mask usage; the majority of their cases are from trave\xe2\x80\xa6'
1245243538490535936,2020-04-01 06:56:09,b'@sonyasupposedly Keynesian or later macroecon is backwards (relative to microecon or efficiency-maximization) to ju\xe2\x80\xa6 https://t.co/yJYop83V3k'
1245238601010384896,2020-04-01 06:36:32,b'RT @OperatorMaid: wtf is the airforce on? supercocaine? https://t.co/8VVBjscj9n'
1245225199168917504,2020-04-01 05:43:17,b'Cloth mask instructions (HKMask): https://t.co/sVFpTXBms5\n\nHoping this goes viral faster than COVID-19!'
1245155676336181249,2020-04-01 01:07:01,"b'RT @sonyasupposedly: if there were no ~studies~ demonstrating that masks work, I would still believe that masks work, BECAUSE I HAVE A BASI\xe2\x80\xa6'"
1245145618458107904,2020-04-01 00:27:03,"b""RT @HiFromMichaelV: Hey, just...capitalism is completely over. They're just making shit up at this point. \nhttps://t.co/tM4bf2HigW\n\nSave up\xe2\x80\xa6"""
1245090741312864256,2020-03-31 20:49:00,"b'@s_r_constantin @ben_r_hoffman @zackmdavis Especially not ""the plague is good because it hits our cult less than th\xe2\x80\xa6 https://t.co/wtsfhlBszq'"
1245089283649593345,2020-03-31 20:43:12,"b""@s_r_constantin @ben_r_hoffman @zackmdavis It also makes explicit an implicit premise of Zack's OP: that there exis\xe2\x80\xa6 https://t.co/n2xf6kVo70"""
1245088877330583552,2020-03-31 20:41:35,"b'@s_r_constantin @ben_r_hoffman @zackmdavis It is indeed a difference in phrasing, but the different phrasing corres\xe2\x80\xa6 https://t.co/kGctRAnVO5'"
1245084776282738688,2020-03-31 20:25:17,"b'@s_r_constantin @ben_r_hoffman @zackmdavis Perhaps altruists should engage in spite strategies sometimes, but they\xe2\x80\xa6 https://t.co/VSL8EEZzOy'"
1245083554578489344,2020-03-31 20:20:26,"b'@s_r_constantin @ben_r_hoffman @zackmdavis Not quite.  The problem is that you\'re saying ""catastrophes are good"" in\xe2\x80\xa6 https://t.co/q4EqmmEvFP'"
1245080473379864576,2020-03-31 20:08:11,"b""RT @goblinodds: WHO succumbs to Poe's Law https://t.co/U5tAKiQH1C"""
1245056152280240128,2020-03-31 18:31:33,b'RT @AdeleDeweyLopez: the Sin of Idolatry is when you place more importance on a symbol of the thing than you do on the thing itself'
1244813670606974977,2020-03-31 02:28:01,"b'RT @the_aiju: In many cases the Overton window becomes the Overton binary, with the vast majority of people holding either one of the most\xe2\x80\xa6'"
1244685116183433217,2020-03-30 17:57:11,b'RT @chaosprime: there is a difference between not being certain of something and not being able to justify it to others\n\nby the power veste\xe2\x80\xa6'
1244679316769832961,2020-03-30 17:34:08,b'@zackmdavis Yudkowsky-rationalists routinely fail to examine the conflict theoretic / zero sum implications of trea\xe2\x80\xa6 https://t.co/WdHNSlQLZb'
1244678915274276866,2020-03-30 17:32:33,"b'@zackmdavis good is bad is good, hail Satan'"
1244388126451093504,2020-03-29 22:17:03,"b'RT @Outsideness: Assuming the WHO, CDC, and FDA wanted to kill you, how would their behavior differ?'"
1244016881171755008,2020-03-28 21:41:51,"b""RT @chaosprime: it takes a special kind of person to regard corporations as reliably motivated by profit\n\nthe kind who's never spent any ti\xe2\x80\xa6"""
1243817439709687809,2020-03-28 08:29:21,b'RT @harmonylion1: @nosilverv Lol credibility printer go brrr https://t.co/CKNOhTgCnS'
1243808704815714304,2020-03-28 07:54:38,b'RT @RokoMijicUK: 2020 - the year a million people died of groupthink.'
1243634276295294977,2020-03-27 20:21:31,b'RT @nosilverv: There is a map-making arms race. You must understand this. The world is not the land of milk and honey where you can just fr\xe2\x80\xa6'
1243395611182772230,2020-03-27 04:33:09,b'RT @StuartJRitchie: Did... did the coronavirus write this tweet?'
1243392370575466497,2020-03-27 04:20:16,"b'RT @DanielleFong: Pathologization without listening is insanity,\n\nAlmost nobody listens'"
1242486539759706116,2020-03-24 16:20:50,"b""RT @SysQuotes: WHEN PROBLEMS DON'T YIELD TO COMMONSENSE SOLUTIONS, LOOK FOR THE TERMOSTAT."""
1242335901100851200,2020-03-24 06:22:14,b'RT @foundmyfitness: A large study performed at multiple medical settings in seven cities around the country found that surgical masks were\xe2\x80\xa6'
1242296565030506497,2020-03-24 03:45:56,b'The repugnance of the repugnant conclusion is the repugnance a k-selected organism has for r-selection.'
1242202252418281472,2020-03-23 21:31:10,b'RT @alt_kia: @primalpoly universal mask wearing has worked in Asia. They havent had to shut down their whole economies and the masks (on th\xe2\x80\xa6'
1242198056952422400,2020-03-23 21:14:30,"b""@ShayneWissler Yes, I've edited the post."""
1242129110563844097,2020-03-23 16:40:32,"b'@ShayneWissler See also Kant vs. Nietzsche on things-in-themselves, which I wrote about here: https://t.co/ftHUEPBgqd'"
1242126152304439297,2020-03-23 16:28:46,b'@ShayneWissler It is hard to define what constitutes an object independent of some subject.  Logical positivism wil\xe2\x80\xa6 https://t.co/gNmdU91rZ3'
1242124997398679552,2020-03-23 16:24:11,b'@ShayneWissler It can still be represented or talked about if not presently perceived.  It could be hypothetically\xe2\x80\xa6 https://t.co/mZVTKV3wFY'
1241891696855502848,2020-03-23 00:57:08,b'What is metaphysical free will? https://t.co/QhDvshTR2R'
1241883919231799296,2020-03-23 00:26:14,b'In humans this is related to:\n\n- demographic transition\n\n- memetic territoriality (e.g. religion) which is analogou\xe2\x80\xa6 https://t.co/6i3tNzwrHK'
1241883917298233346,2020-03-23 00:26:13,"b""Kin selection isn't sufficient, selfish genes leads to non-kin-selection altruism https://t.co/dsSjK4X4Zm\n\nMalthusi\xe2\x80\xa6 https://t.co/sJ6LY1SfG1"""
1241883915360460800,2020-03-23 00:26:13,b'Small effective groups can conquer large ineffective ones.\n\nSuppose this happened repeatedly in evolution; then ter\xe2\x80\xa6 https://t.co/qN5cxV0Vb4'
1241806995641872384,2020-03-22 19:20:34,b'RT @gallabytes: This was utterly predictable. Everything we are scrambling to do now during an economic shutdown could have been done two m\xe2\x80\xa6'
1241801817106731008,2020-03-22 18:59:59,b'RT @ben_r_hoffman: Can crimes be discussed literally? https://t.co/WSxwga2I9q'
1240474139019759616,2020-03-19 03:04:16,"b""@ShayneWissler An AI needs to represent its capabilities to make decisions (and these decisions' consequences), whi\xe2\x80\xa6 https://t.co/AM8onPDhaN"""
1240472146008129541,2020-03-19 02:56:21,b'@ShayneWissler Freedom is primarily a property of subjects rather than objects.  Objects are defined by their predi\xe2\x80\xa6 https://t.co/TaaMCPYmcc'
1240471965741137922,2020-03-19 02:55:38,"b""@ShayneWissler It seems pretty axiomatic.  It's hard to define much at all without some notion of capability or cho\xe2\x80\xa6 https://t.co/wXUGAIqMP2"""
1240413180821569536,2020-03-18 23:02:02,b'Weird how feeling ashamed about not doing something can be a substitute for directly tracking the thing as a value-\xe2\x80\xa6 https://t.co/UXL2krLtvN'
1240406748755906561,2020-03-18 22:36:29,b'@ShayneWissler Words/narrative/etc placed between observation and action.  Rather than being a side effect.\n\nWords\xe2\x80\xa6 https://t.co/d4fJoRS8nh'
1240182670832762881,2020-03-18 07:46:04,"b'It takes much more work to refute bullshit than to produce it, and much more work than that to show that the bullsh\xe2\x80\xa6 https://t.co/HJ2XtYv1mD'"
1240113971773886464,2020-03-18 03:13:05,b'@reasonisfun @hunchandblunder @HiFromMichaelV @ben_r_hoffman 2) They feel awkward when information is going to be r\xe2\x80\xa6 https://t.co/4WCbMQ2Cfg'
1240112935264870401,2020-03-18 03:08:58,b'@reasonisfun @hunchandblunder @HiFromMichaelV @ben_r_hoffman 1) First be aware.  General sensemaking.  Emotional in\xe2\x80\xa6 https://t.co/wknHEwhVCs'
1239273052363313152,2020-03-15 19:31:34,"b'The plague rewards anticorrelation.  Literally, if you touch different objects than other people do, you are less likely to get it.'"
1238599724862562304,2020-03-13 22:56:01,b'@foulwtherfriend Notice interdependence and inter-containment (e.g. yin/yang)\n\nDynamical systems theory (study evol\xe2\x80\xa6 https://t.co/oagIK923tO'
1237915745482235905,2020-03-12 01:38:07,b'New blog post: Puzzles for Physicalists https://t.co/TBMDZhxGLT'
1237903993512185857,2020-03-12 00:51:25,b'RT @Nick_Craver: \xe2\x80\x9cHow\xe2\x80\x99s the US handling Coronavirus?\xe2\x80\x9d\n\xe2\x80\x9cOkay so imagine you shut off all the error logging in production\xe2\x80\x9d\n\xe2\x80\x9cYeah\xe2\x80\xa6?\xe2\x80\x9d\n\xe2\x80\x9cThat\xe2\x80\x99s i\xe2\x80\xa6'
1237829440907821057,2020-03-11 19:55:11,"b""Relative references (e.g. indexicals) aren't incidental, they're fundamental.  In a sufficiently large universe, gl\xe2\x80\xa6 https://t.co/TiaRAFh5LV"""
1237800284316766208,2020-03-11 17:59:19,b'RT @benlandautaylor: Coronavirus once again proving that \xe2\x80\x9cunderemployed nerds with tons of spare time\xe2\x80\x9d is a vital strategic resource'
1237635055503036416,2020-03-11 07:02:46,"b'@_StevenFan Implications that seeing the truth will drive people mad.\n\nManagement of ""the narrative"" by the ruling\xe2\x80\xa6 https://t.co/fd4gFaAnfW'"
1237633916963401728,2020-03-11 06:58:14,"b""@_StevenFan Ideologies and religions have things you're not supposed to really question, at best only pretend to qu\xe2\x80\xa6 https://t.co/hLSIKPCZFa"""
1237633211728932864,2020-03-11 06:55:26,"b""@_StevenFan It's common to tell people not to think for themselves and instead trust the experts even when the expe\xe2\x80\xa6 https://t.co/E9f5SwiBD1"""
1237632378551455745,2020-03-11 06:52:07,b'@_StevenFan Psychiatry labels cognitive/personality variations (even functional ones) as pathological and medicates\xe2\x80\xa6 https://t.co/fsqM3x8w1H'
1237628707625267202,2020-03-11 06:37:32,"b'There are forces for and against persons having mental integrity.\n\nStandardized protocols are necessary, but the ag\xe2\x80\xa6 https://t.co/PU4hU4RpC0'"
1237600085707382786,2020-03-11 04:43:48,"b'Theoretical progress often proceeds by taking an existing paradigm, finding where its explanations are least elegan\xe2\x80\xa6 https://t.co/5KShBstMcG'"
1237122744455589889,2020-03-09 21:07:01,"b""@RokoMijicUK This seems ok to me, just checking if you're ok with it."""
1237120974023053312,2020-03-09 20:59:59,"b'@RokoMijicUK (btw, I think it might be useful to turn this conversation into a LW post, re-stating the conversation\xe2\x80\xa6 https://t.co/t5JWSH1Fvg'"
1237117019700355072,2020-03-09 20:44:16,"b""@RokoMijicUK It's hard to pin down intersubjectively precisely because it's so deictic.  I can't really port my her\xe2\x80\xa6 https://t.co/tcLDVbXcn8"""
1237116815513276416,2020-03-09 20:43:27,"b'@RokoMijicUK In my view ""my observation"" is an extremely deictic reference, to something maximally here-and-now, su\xe2\x80\xa6 https://t.co/bBsg04P8T3'"
1237115821702279168,2020-03-09 20:39:31,b'@RokoMijicUK And at no point does this pasting-together result in a view from nowhere.  It might seem that way beca\xe2\x80\xa6 https://t.co/yngpRCrbLG'
1237115373297647617,2020-03-09 20:37:44,"b'@RokoMijicUK At the same time, maps created starting from different places can be patched together, in a collage.\xe2\x80\xa6 https://t.co/RusZyx1K7O'"
1237115083827757056,2020-03-09 20:36:35,"b'@RokoMijicUK Even ""the great wall of China"" refers to the great wall of China on _our_ earth.  It couldn\'t refer to\xe2\x80\xa6 https://t.co/gp8NQ5BKmz'"
1237114857553408000,2020-03-09 20:35:41,"b'@RokoMijicUK Obvious deictic references are things like ""the car over there"" or ""the room I\'m in"".  It is non-obvio\xe2\x80\xa6 https://t.co/LWTr59cFHQ'"
1237114630373126144,2020-03-09 20:34:47,b'@RokoMijicUK Two reasons they could converge:\n\n1. Symmetry (this explains math)\n2. Existence of same entities (e.g.\xe2\x80\xa6 https://t.co/ZkMBlh4Ku5'
1237112676607643650,2020-03-09 20:27:01,"b'@RokoMijicUK Okay, I agree with this sort of mental/outside-mental distinction, and you can define subjective/objec\xe2\x80\xa6 https://t.co/nEnBn4b6qR'"
1237112063752679425,2020-03-09 20:24:35,"b""@RokoMijicUK Translating the subjective into words can introduce errors.  It's at least as hard as, say, adding sma\xe2\x80\xa6 https://t.co/TesLJL9GCC"""
1237111752505974784,2020-03-09 20:23:20,"b""@RokoMijicUK I don't think this is right.  The thought follows the experience.  There can be mistranslations along\xe2\x80\xa6 https://t.co/YDFQ4xHpE3"""
1237109741609836544,2020-03-09 20:15:21,b'@RokoMijicUK See also writing on the difficulty of the fact/opinion distinction https://t.co/FMJ5EdtgAP'
1237109392253673472,2020-03-09 20:13:58,"b'@RokoMijicUK Like, in talking about ""X"" I\'m porting something in my mental world-representation into the discursive\xe2\x80\xa6 https://t.co/QW9ct7pYEH'"
1237108828639875072,2020-03-09 20:11:43,"b""@RokoMijicUK We're now talking about the sensation of the flavor of the chocolate though.  Is this really that diff\xe2\x80\xa6 https://t.co/X0iZzQhLOy"""
1237108153935736832,2020-03-09 20:09:02,"b""@RokoMijicUK See also Thomas Nagel's _The View From Nowhere_  Spoiler alert: there isn't a view from nowhere, it's an untenable concept."""
1237107953645174784,2020-03-09 20:08:15,"b'@RokoMijicUK Basically I don\'t see how we can, in a principled way, have judgments like ""X exists but only subjecti\xe2\x80\xa6 https://t.co/QKUSIBWh4e'"
1237107663135059969,2020-03-09 20:07:05,"b""@RokoMijicUK I don't think this objective/subjective dichotomy works out.  I haven't seen a good positive case, and\xe2\x80\xa6 https://t.co/78L9VFdFtK"""
1237103494315651072,2020-03-09 19:50:31,"b'@RokoMijicUK Well, yes, so eliminativism is false.  I understand eliminativism to mean there is only physical, no m\xe2\x80\xa6 https://t.co/jFcK8rfnQW'"
1237102023855636480,2020-03-09 19:44:41,"b'@RokoMijicUK That means ""my algorithm instance"" exists.  Sounds like a mental entity.  Can\'t really have those unde\xe2\x80\xa6 https://t.co/vAvJVkYnuE'"
1237101021169479680,2020-03-09 19:40:42,"b'@RokoMijicUK It has to do some ontological reshuffling around what ""observations"" are that, I think, undermines the\xe2\x80\xa6 https://t.co/xmVCYquH1J'"
1237100838285275136,2020-03-09 19:39:58,"b""@RokoMijicUK Subjective Occam's razor (incl. Solomonoff induction) says I should adopt the explanation that best ex\xe2\x80\xa6 https://t.co/Tv3NRQmUg3"""
1237097618162900992,2020-03-09 19:27:10,"b'""That which can be destroyed by the truth should be"" can be destroyed by the truth but I\'m not sure if it should be.'"
1237080016661262336,2020-03-09 18:17:14,"b""@nosilverv (1) specifically it's a religion https://t.co/MvT3PrycTi"""
1237072260445294592,2020-03-09 17:46:25,"b'@RokoMijicUK Nah, it can\'t account for what an ""observation"" is so can\'t really explain observations.'"
1236888042364788742,2020-03-09 05:34:24,"b'@metadiogenes To falsify ""P or Q"", falsify P and falsify Q.\n\nTo falsify ""forall x in S. p(X)"", exhibit some x and f\xe2\x80\xa6 https://t.co/S0ILHGlz9R'"
1236886202105491456,2020-03-09 05:27:05,"b'My critical agential philosophy is dualistic, while believing in redundant causality.  Physical actions redundantly\xe2\x80\xa6 https://t.co/bPNRha0TGl'"
1236884189607157760,2020-03-09 05:19:05,"b'In contrast, starting from body/continuous/causality has trouble with getting to mind/discrete/choice as even being\xe2\x80\xa6 https://t.co/INtkjrIzAW'"
1236883863126675458,2020-03-09 05:17:47,"b'This is less of a problem than it first appears, because mind/discrete/choice can conceptualize, hypothesize, and l\xe2\x80\xa6 https://t.co/oNsTFBtN4R'"
1236883378198024195,2020-03-09 05:15:52,"b'There are a number of ""runs on top of"" relations in physicalism:\n\n- mind runs on top of body\n- discrete runs on top\xe2\x80\xa6 https://t.co/O6s2xoSZY0'"
1236881094525345792,2020-03-09 05:06:47,b'Falsifiable laws in Popperian critical rationalism correspond to closed sets in topology:\n\n- Finite disjunctions of\xe2\x80\xa6 https://t.co/evN2ZOoIHc'
1236838881456054273,2020-03-09 02:19:03,"b'a lot of philosophy would sound like Insane Speech if it weren\'t wrapped in a container of Performing Sanity\n\n""I on\xe2\x80\xa6 https://t.co/LMlv7PgDDw'"
1236834836964245504,2020-03-09 02:02:59,"b'As a follow-up, this is what ""pleading the fifth"" is for.  If you\'re subject to structural violence, it\'s very ofte\xe2\x80\xa6 https://t.co/9l22j9L5kD'"
1236832557469028353,2020-03-09 01:53:55,"b""also religious drug usage, also things you're not supposed to see..."""
1236830181559390208,2020-03-09 01:44:29,"b'Sanity is so much like a religion if you think about it.  It has priests, sins, demon possession, prescriptons, con\xe2\x80\xa6 https://t.co/VW1q87Aq8s'"
1236746890047176704,2020-03-08 20:13:30,"b""@RokoMijicUK @CDCgov Yep, that's why I posted this (I'd said as much in the thread itself but this point applies generally)"""
1236727026058330112,2020-03-08 18:54:34,"b'The concept of an ""infohazard"" is an infohazard.  It can easily lead to justifications for an environment of pervas\xe2\x80\xa6 https://t.co/UmAjOFdEsy'"
1236529865601339392,2020-03-08 05:51:08,"b'RT @flglmn: I mean if the president is going to keep publicly saying things like ""I won\'t let those people off the cruise ship because if I\xe2\x80\xa6'"
1236409996004356096,2020-03-07 21:54:49,"b""@gallabytes Yes but the appropriate scalar measurement to make depends on the objective, it's not a universal."""
1236407673647534080,2020-03-07 21:45:35,"b'""Knowledge = number of bits known"", or ""order = negentropy"", is making the same error as Marxism, collapsing capabi\xe2\x80\xa6 https://t.co/bV1ov08Ig3'"
1236359018924261376,2020-03-07 18:32:15,"b'RT @SysQuotes: IF A PROBLEM SEEMS UNSOLVABLE, CONSIDER THAT YOU MAY HAVE A META-PROBLEM'"
1236096715003793408,2020-03-07 01:09:57,"b'RT @robinhanson: We must IMMEDIATELY begin desperate mass program to train people who can treat #COVID19 patients who need an ICU, but usin\xe2\x80\xa6'"
1236090010064924672,2020-03-07 00:43:18,b'RT @HiFromMichaelV: This is the most important US television news item you will ever see. This is the last news item you will ever see. Fro\xe2\x80\xa6'
1235981508533350400,2020-03-06 17:32:09,"b'@girishsastry Seems like the monkey is both cognitive and behavioral, and the machine is semantic (though has a par\xe2\x80\xa6 https://t.co/LjUDWfnVzD'"
1235764469067853827,2020-03-06 03:09:43,b'@Alephwyr the real sides are even vs odd'
1235763913851121665,2020-03-06 03:07:31,"b""RT @automythology: it's been surreal seeing the contrast between rose-colored official reports coming out of seattle vs the realtime experi\xe2\x80\xa6"""
1235710989930090497,2020-03-05 23:37:13,b'New blog post: Subjective implication decision theory in critical agentialism\n\nhttps://t.co/I0Q4nWuIAj'
1235604535562752000,2020-03-05 16:34:12,"b""RT @gallabytes: Had to go to a hospital today for non-pandemic reasons.\n\nThey are already too busy, they're visibly unprepared, and they're\xe2\x80\xa6"""
1235480486312439810,2020-03-05 08:21:16,"b'New blog post:  A critical agential account of free will, causation, and physics\n\nhttps://t.co/MsZ97ZMnlz'"
1235376212161081346,2020-03-05 01:26:55,"b'@andrewstepner Having a lot of planning-type thoughts about COVID-19 like estimating spread rate, worrying if they\xe2\x80\xa6 https://t.co/DPQjLZ4OXw'"
1235325748866621440,2020-03-04 22:06:24,"b'@andrewstepner - ""aha"" moments of insight indicate a cognitive belief shift\n\n- planning and future prediction start\xe2\x80\xa6 https://t.co/aCFT9MrfTy'"
1235050508898816000,2020-03-04 03:52:42,"b""Half my tweets are about COVID-19 in large part because it's the most obviously non-zero-sum thing in the memespace\xe2\x80\xa6 https://t.co/GqDCE8ffeu"""
1235048080329691137,2020-03-04 03:43:03,"b'RT @ericuman: Jesus, the outbreak around Seattle was only found bc enterprising  researchers found a way to *get\naround the CDC.*\n\nhttps://\xe2\x80\xa6'"
1235041624318554113,2020-03-04 03:17:23,"b'RT @lymanstoneky: Diagnoses of EVERY infectious disease in Hong Kong have PLUMMETED in recent weeks, suggesting the low number of COVID cas\xe2\x80\xa6'"
1235038279763783681,2020-03-04 03:04:06,"b'""Patient reports citing tinnitus severity, suddenness of tinnitus onset, sound-tolerance problems, and sound-trigge\xe2\x80\xa6 https://t.co/WkbHC2kDVe'"
1235038278509707265,2020-03-04 03:04:06,"b'https://t.co/pLhPjWN6Z8\n\n""Tinnitus loudness is often exacerbated by sounds that trigger PTSD-related anxiety... Cha\xe2\x80\xa6 https://t.co/BadkBmRcaq'"
1235026759189278720,2020-03-04 02:18:19,"b""@nosilverv Good taste in what to get nerd-sniped by.  I made ~1000x returns from Bitcoin, that's no joke"""
1235020381326434304,2020-03-04 01:52:59,b'RT @orthonormalist: Hot take: LessWrong+ networked environs has spectacularly outdone much of the internet in signal/noise ratio for COVID-\xe2\x80\xa6'
1235014771474198529,2020-03-04 01:30:41,"b""I have profited by betting on Biden on PredictIt! Maybe the market under-estimated him, maybe it's chance...\n\nI mad\xe2\x80\xa6 https://t.co/XGGRwaeLWi"""
1234987163252449280,2020-03-03 23:40:59,"b'I originally leaned towards 1, then leaned towards 2, now lean towards 3.  But they are all important, of course.\xe2\x80\xa6 https://t.co/hxrex81jml'"
1234987162434596865,2020-03-03 23:40:59,"b'In defining what someone ""really believes"", there are 3 salient ways to do so:\n\n1. Semantic: What do they say or ot\xe2\x80\xa6 https://t.co/pw6aX1uwuE'"
1234886368507023360,2020-03-03 17:00:27,"b""Iran's population is 81 million.  Are there hundreds of thousands of cases in Iran (many more than are reported in\xe2\x80\xa6 https://t.co/SZp6Bua8VQ"""
1234660004789010435,2020-03-03 02:00:58,"b'""\'What is the difference between\xc2\xa0statements of fact\xc2\xa0and\xc2\xa0statements of opinion?\'\nThis seems like it should be an eas\xe2\x80\xa6 https://t.co/4gHhFbMB6W'"
1234653980048818176,2020-03-03 01:37:02,b'RT @SamoBurja: Title: CDC drops coronavirus testing numbers from their website \nSubtitle: The change comes as testing is expected to expand\xe2\x80\xa6'
1234653080857108480,2020-03-03 01:33:27,b'The thing people are complaining about with the coverage of COVID-19 being mostly about racism is typical of nihili\xe2\x80\xa6 https://t.co/hoYh9ppi6x'
1234604549068845056,2020-03-02 22:20:36,"b'Unexplained aversions, anxieties, resistances, hangups, etc are, if felt and understood and integrated, sources of\xe2\x80\xa6 https://t.co/fS8gAP8vbu'"
1234501060422619136,2020-03-02 15:29:23,"b'@imhinesmi Hanson\'s ""let\'s intentionally infect people"" is not sounding so bad now'"
1234264966204547072,2020-03-01 23:51:14,b'I remember one of my college classes in which the professor used the fact that a significant effect was found in X\xe2\x80\xa6 https://t.co/qr1aijA0Zo'
1234262794414936064,2020-03-01 23:42:36,"b'Frequentist statistics has real uses, but just about everyone does it wrong.  These ""errors"" could not appear with\xe2\x80\xa6 https://t.co/YzAvbtbk33'"
1233923193204723712,2020-03-01 01:13:09,"b""Someone subject to extreme enough structural violence can't actually be trusted to report truth, because structural\xe2\x80\xa6 https://t.co/DUTG7rGG7L"""
1233559423303454726,2020-02-29 01:07:39,"b'Right action can\'t be reduced to propositional beliefs (e.g. beliefs about ""morality""). The dynamics of a functioni\xe2\x80\xa6 https://t.co/JIpCfqPzWn'"
1233267113281736705,2020-02-28 05:46:07,b'@eigenrobot panic is re-planning\n\nof course re-planning is good if your plan currently does not lead somewhere ok'
1233226841051131904,2020-02-28 03:06:05,"b'@robinhanson @ESYudkowsky Low precision theories could have all sorts of exceptions e.g. for really smart people, f\xe2\x80\xa6 https://t.co/w950i4WkKz'"
1233225745763196928,2020-02-28 03:01:44,"b'@robinhanson @ESYudkowsky That means people saying ""you definitely can\'t beat the market on average even if you\'re\xe2\x80\xa6 https://t.co/x819U3mqcn'"
1233224561774055424,2020-02-28 02:57:02,b'@robinhanson @ESYudkowsky nope! https://t.co/CNSoCe9OMU'
1233220399233527808,2020-02-28 02:40:29,b'@erin_nerung @vanishingmaze Pragmatism https://t.co/cNzUolIIsk'
1233193797971922944,2020-02-28 00:54:47,"b'@nosilverv Hard to say in general, but in this case you seem to prefer the distinction that is pointing at differen\xe2\x80\xa6 https://t.co/IHUYNwyCUI'"
1233158232790556672,2020-02-27 22:33:28,"b'@nosilverv Or, alternatively: do you see the microscope through the microscope or by taking a step back?'"
1233156078604414977,2020-02-27 22:24:54,b'@nosilverv Map and territory are objective.  Symbolic and Real are subjective.\n\nMap and territory are materialist.\xe2\x80\xa6 https://t.co/ZlXFl2fQ2W'
1233125773168394240,2020-02-27 20:24:29,"b'RT @jimrandomh: From the Diamond Princess cohort, we can estimate a case fatality ratio of ~1%. (705 total, 4 dead, 36 serious, 10% of seri\xe2\x80\xa6'"
1233122889265639424,2020-02-27 20:13:01,"b""RT @liminal_warmth: 1/ Let's talk today about why I think women leave tech.\n\nAs a woman with over 10 years of tech experience who is thinki\xe2\x80\xa6"""
1233111847294779392,2020-02-27 19:29:09,"b'RT @DeItaOne: CALIFORNIA HAD 33 PEOPLE TEST POSITIVE FOR CORONAVIRUS, 5 MOVED OUT OF STATE -GOVERNOR NEWSOM'"
1233098302012313600,2020-02-27 18:35:19,"b""woops, it's COVID-19 but I can't edit"""
1233094098032058369,2020-02-27 18:18:37,"b'COVID-20 provides a case study of the extent to which ""preventing anxiety and panic"" is a justification for arbitra\xe2\x80\xa6 https://t.co/9FlEQAPRQh'"
1232925520163065856,2020-02-27 07:08:45,b'RT @bronzejaguar: my mom told me today: \xe2\x80\x9cthe news is saying the same things about coronavirus you were saying last week. i\xe2\x80\x99m glad you\xe2\x80\x99re st\xe2\x80\xa6'
1232435254331199489,2020-02-25 22:40:36,"b'Etymology time!  ""Author"", ""authenticate"", ""authority"", and ""authentic"" all come from the same word!  The implicati\xe2\x80\xa6 https://t.co/qDwVWpz6Um'"
1232428098773106688,2020-02-25 22:12:10,b'@GeniesLoki treat normal ethics as a protocol not as truth\n\nmake self legible / conforming within that protocol to\xe2\x80\xa6 https://t.co/YNdDAMEO3C'
1232374184925224961,2020-02-25 18:37:56,b'Relativism is how egocentrists agree on a shared frame.'
1232373197116305408,2020-02-25 18:34:01,b'Wireheading is idolatry.'
1231357422574292993,2020-02-22 23:17:41,"b""Sometimes it's the journey that matters, not the destination; but, having a destination can make the journey more s\xe2\x80\xa6 https://t.co/N8zuASQssX"""
1231330427744342016,2020-02-22 21:30:25,b'@robinhanson That makes more sense. My remaining disagreement would be about the incidence of suicidal/omnicidal gr\xe2\x80\xa6 https://t.co/luFA3nlKSL'
1231327045734428672,2020-02-22 21:16:59,"b""@robinhanson You also said they're not for enabling destructive behavior.  I'm disagreeing.  Because, if the behavi\xe2\x80\xa6 https://t.co/wUJCgaphlM"""
1231325742442532864,2020-02-22 21:11:48,"b'@robinhanson From the perspective of reason, generic disablement of reason in order to allow things that reason wou\xe2\x80\xa6 https://t.co/ODMatyZeeB'"
1231324158765568000,2020-02-22 21:05:31,"b""@robinhanson They are certainly designed to enable transgressive behavior (that's what conflict with global norms i\xe2\x80\xa6 https://t.co/mwqDcyzWwX"""
1231321855887167488,2020-02-22 20:56:21,"b'@robinhanson - People being against ""judgy"" people, and court-like proceedings to assign blame\n- Transgression bond\xe2\x80\xa6 https://t.co/w4IiiiKqFy'"
1231319654582218757,2020-02-22 20:47:37,"b""Good observations in this post. To the extent I disagree it's about whether simplified blame templates are in gener\xe2\x80\xa6 https://t.co/hayFAaH0ob"""
1230549311202553857,2020-02-20 17:46:32,"b""RT @oren_cass: 2/ Punchline: Popular perception is correct. In 1985, the typical male worker could cover a family of four's major expenditu\xe2\x80\xa6"""
1230274235521622016,2020-02-19 23:33:29,"b'@mattgoldenberg The cover of Godel, Escher, Bach is a metaphor for multiple perspectives on a single reality.  Know\xe2\x80\xa6 https://t.co/HVuiJhvlN3'"
1230273821468266496,2020-02-19 23:31:51,"b'@mattgoldenberg I think the skill involved is pretty similar to disjunctive reasoning and cruxing.  If X, then Y; i\xe2\x80\xa6 https://t.co/epnVAzYcmE'"
1230272422688854016,2020-02-19 23:26:17,"b'@mattgoldenberg Examples:\n\n- If the legal system is an instrument of class oppression, reduce sentence lengths\n\n- I\xe2\x80\xa6 https://t.co/JC6GV9T1x8'"
1230265250219511811,2020-02-19 22:57:47,b'@mattgoldenberg Yeah!  The thing I try to do here is to translate from one perspective to another in a way that doe\xe2\x80\xa6 https://t.co/XKXL89Mumx'
1230261642476175360,2020-02-19 22:43:27,b'@RokoMijicUK Relevant posts:\n\nHigh precision https://t.co/snsOJgNUOV\n\nSelf ratification https://t.co/KfQPrjVZfd\n\nMe\xe2\x80\xa6 https://t.co/ynsmnca1Iq'
1230252549631950849,2020-02-19 22:07:19,b'@RokoMijicUK High vs low precision\n\nMistake and conflict theory\n\nDisjunctive reasoning (against equivocation)\n\nObje\xe2\x80\xa6 https://t.co/VNURilAH1E'
1230245695614906369,2020-02-19 21:40:05,"b""It's great to find a new concept/argument and use it to conceptually arbitrage large parts of one's world model!  T\xe2\x80\xa6 https://t.co/VjsxgZgyu8"""
1230218141696811009,2020-02-19 19:50:35,"b'@Malcolm_Ocean @reasonisfun It seems to me that, while the property of not wrongly implying you know the right answ\xe2\x80\xa6 https://t.co/nVrHbk9Pj8'"
1229251117587939328,2020-02-17 03:47:59,"b'New blog post, On the falsifiability of hypercomputation, part 2: finite input streams https://t.co/p2lgRmHMJs'"
1229211207539683330,2020-02-17 01:09:24,"b'@foulwtherfriend There\'s potential value-dependence in both the word ""works"" and the word ""eugenics"".  I don\'t thin\xe2\x80\xa6 https://t.co/Lnydey647K'"
1229207243490394112,2020-02-17 00:53:39,"b'@foulwtherfriend There\'s another interpretation which is that ""eugenics"" literally implies genetic improvement.  So\xe2\x80\xa6 https://t.co/0VVDMLWe1P'"
1228855721472561152,2020-02-16 01:36:49,b'RT @tankmagazine: \xe2\x80\x9cPremium mediocre is the pretence that everything is fine; domestic cozy is the acknowledgement that it is not.\xe2\x80\x9d\n\n@vgr sp\xe2\x80\xa6'
1228786835473592320,2020-02-15 21:03:05,"b""@fatica_tony 3. Bioethical conservatism: the field of bioethics is quite conservative. I haven't traced the intelle\xe2\x80\xa6 https://t.co/HDRNtuN8k8"""
1228786715164381185,2020-02-15 21:02:37,b'@fatica_tony 2. conflict theory / zero sum thinking: see this movie for a popular portrayal of life extension going\xe2\x80\xa6 https://t.co/vwSYXBqYYP'
1228786602865872896,2020-02-15 21:02:10,"b'@fatica_tony We both probably believe SENS getting funding is good, but normal political processes fail to adequate\xe2\x80\xa6 https://t.co/hIjgqzlJhD'"
1228786517880926208,2020-02-15 21:01:50,"b""@fatica_tony good question!  I don't have a sufficient explanation but have some guesses.\n\n1. generalized skepticis\xe2\x80\xa6 https://t.co/RXU12zwSGp"""
1228412556118638592,2020-02-14 20:15:50,"b""Perhaps one of the greatest arguments in favor of Rawlsian justice is: if you don't have rights a priori, then you\xe2\x80\xa6 https://t.co/DMjIyRYEM1"""
1228021180017197057,2020-02-13 18:20:39,b'RT @HiFromMichaelV: Those who endorse false and unreasonable beliefs unfavorable to established power structures are more likely to be diag\xe2\x80\xa6'
1227669936241201152,2020-02-12 19:04:56,b'@sentientist Original Tweet implies higher percent = more lives saved but here higher percent = fewer lives saved?\xe2\x80\xa6 https://t.co/1OY38eT8Vy'
1227463115790573568,2020-02-12 05:23:06,"b""There's an intuition that the way to maximize safety is to avoid threats.  However, the analogy of vaccination sugg\xe2\x80\xa6 https://t.co/WGyBYDK9es"""
1227380540413628416,2020-02-11 23:54:59,"b'Some defense mechanisms refer to present adversaries and others refer to adversaries that are non-present, but perh\xe2\x80\xa6 https://t.co/b7h4f6L3QO'"
1227348480714108928,2020-02-11 21:47:35,"b'@RokoMijicUK Right, but the decision theory of epistemic trust yields a richer set of possibilities than just scien\xe2\x80\xa6 https://t.co/zx2K4WM9F6'"
1227340801643962368,2020-02-11 21:17:04,"b'Furthermore, some ""irrational"" paradoxical behavior may follow from avoidance of exploitation, e.g. in the Ellsberg\xe2\x80\xa6 https://t.co/fb6JY3Ps1D'"
1227339192985743360,2020-02-11 21:10:41,"b'And natural constraints (e.g. food scarcity) may also cause ""microeconomic"" behavior, but by default this behavior\xe2\x80\xa6 https://t.co/C6Tn6fieWl'"
1227338355664285696,2020-02-11 21:07:21,"b'Legibly microeconomic behavior is likely to arise under tight economic conditions (e.g. debt and taxation), where d\xe2\x80\xa6 https://t.co/Ul7tMXjBp6'"
1227338354934501376,2020-02-11 21:07:21,b'Rational coherence conditions justifying Bayesianism and VNM utility (among others) are often argued for in terms o\xe2\x80\xa6 https://t.co/saQCfJMOwF'
1227332532397576197,2020-02-11 20:44:13,"b'An implication: Bayesianism is incompatible with Scientism.  Scientism is a constructivist epistemology, defining k\xe2\x80\xa6 https://t.co/E2MTmUHTlR'"
1227331847144820736,2020-02-11 20:41:29,"b""And in general, people speaking in terms of logical abstractions they don't actually take to their logical conclusi\xe2\x80\xa6 https://t.co/7x5zdZAMip"""
1227331845592879104,2020-02-11 20:41:29,b'It is actually Wrong for Bayesians to speak in terms of skeptical objectivity as the basis of knowledge; Bayesianis\xe2\x80\xa6 https://t.co/FzuRkVsDGF'
1227303057417003008,2020-02-11 18:47:05,"b'Regarding ""rationality"", it seems I am very much in favor of epistemic rationality, while I find instrumental ratio\xe2\x80\xa6 https://t.co/CV48nxk1CY'"
1226355517599039488,2020-02-09 04:01:54,"b'@zackmdavis @ESYudkowsky @ciphergoth @eshear ""no comment"" does the job anyway, no need for anyone trying to be honest to lie here'"
1226255922193788929,2020-02-08 21:26:09,b'Gaming is pretty Absurdist if you think about it.  Goals structure cognition/action and are replaced with new goals\xe2\x80\xa6 https://t.co/EuwTmSF1iD'
1226042875617525761,2020-02-08 07:19:34,b'Working with what is visible is working with the past in its continuous creation.  Novelty comes from outside the f\xe2\x80\xa6 https://t.co/TqLCmyaZDc'
1226041501605515264,2020-02-08 07:14:07,"b'The future is behind, not ahead. Memories can be perceived, the future can only be inferred. Death is never remembe\xe2\x80\xa6 https://t.co/efDTdZcbYW'"
1225855584475332608,2020-02-07 18:55:21,"b'@robertskmiles I mean ""final"".  ""Even more final than final"" could include e.g. being final in a sequence of comput\xe2\x80\xa6 https://t.co/wMVNEdBUo1'"
1225855121017339904,2020-02-07 18:53:30,b'@TeaLady1889 I meant infinite.'
1225698060564434944,2020-02-07 08:29:24,b'New blog post: On the falsifiability of hypercomputation https://t.co/XULyZ3GkDj'
1225661012512083968,2020-02-07 06:02:11,"b'The idea of ""ultimate truth"" as the limit of a sequence of approximations, in a computational setting, corresponds\xe2\x80\xa6 https://t.co/h5VoE386ZX'"
1225291612193820673,2020-02-06 05:34:19,b'RT @eigenrobot: yes let me give a brief summary of this Opinion which in fact I hold\n\nin exchange I will be angry at nothing for the next w\xe2\x80\xa6'
1224889196613009408,2020-02-05 02:55:16,"b""@foulwtherfriend Agree in that real world organisms manage a problem that doesn't neatly factorize into conflict/mi\xe2\x80\xa6 https://t.co/pOzIuYxepB"""
1224888408620687360,2020-02-05 02:52:08,b'RT @HiFromMichaelV: https://t.co/MrOxnRCCXJ\n\nQuerulous Paranoia: Diagnosis and Dissent\n\nmisuse of psychiatric diagnosis for political and s\xe2\x80\xa6'
1224797195590758400,2020-02-04 20:49:41,b'Etymology is among the most powerful ways in which contemporary thought can be placed in the context of history.  M\xe2\x80\xa6 https://t.co/lgLmtUYYKI'
1224647142981033985,2020-02-04 10:53:26,"b'Conflict theories easily prey on mistake theories, as mistake theories cannot acknowledge that predation is taking\xe2\x80\xa6 https://t.co/xShxYKbrhX'"
1224465062120714240,2020-02-03 22:49:54,b'New blog post: Philosophical self-ratification https://t.co/KfQPrjVZfd'
1223840019162353664,2020-02-02 05:26:13,b'Injustice is when the application of illegitimate coercive power is taken to indicate the coercer being a powerful\xe2\x80\xa6 https://t.co/ph27Zd9mwi'
1223838819067187200,2020-02-02 05:21:26,b'@dailectic And Moral Mazes.'
1223838696891277312,2020-02-02 05:20:57,b'@dailectic Normal businesspeople are trying to maintain or gain position in politics.  Including class signalling a\xe2\x80\xa6 https://t.co/1iOylYJKk6'
1223811741932384256,2020-02-02 03:33:51,b'Normal businesses are not trying to make money.  (Neither are normal businesspeople) https://t.co/luK52K1Y9H'
1223019607931248640,2020-01-30 23:06:11,b'New blog post: High-precision claims may be refuted without being replaced with other high-precision claims https://t.co/snsOJgNUOV'
1222646897933873154,2020-01-29 22:25:10,b'Philosophical pragmatism is insufficiently truth-oriented to ground out its claims of practicality in utility accru\xe2\x80\xa6 https://t.co/P44fu9Jo0C'
1221254705872961536,2020-01-26 02:13:06,b'New blog post: On hiding the source of knowledge https://t.co/4yjSfs13yf'
1220947974668181504,2020-01-25 05:54:15,b'New blog post: On the ontological development of consciousness https://t.co/ioaI50uRZz'
1220097166858829824,2020-01-22 21:33:27,b'@eigenrobot I do think implicit is better than explicit; explicit is easier to pattern match and ignore.  Advanced\xe2\x80\xa6 https://t.co/4lxF3c5Toa'
1220093695610933248,2020-01-22 21:19:39,"b""@eigenrobot The most mad I've made Twitter was from none of those things, but instead was from proposing a hypothet\xe2\x80\xa6 https://t.co/1JoXZSrkrs"""
1220085706237759488,2020-01-22 20:47:55,"b'Detecting bad behavior is a red queen\'s race.  That doesn\'t mean ""don\'t use heuristics"", it means ""keep tracking re\xe2\x80\xa6 https://t.co/a6Y5zOPp8K'"
1220075091943288832,2020-01-22 20:05:44,"b'Soldiers who have reached a stalemate and are therefore at ceasefire still remain hostile to each other, in a way t\xe2\x80\xa6 https://t.co/1qHaCiiN6q'"
1220073675971424257,2020-01-22 20:00:06,"b""True, and simultaneously euphemistic.  The misreading described is itself hostile, as it's made under a background\xe2\x80\xa6 https://t.co/exWpY9sCRM"""
1220055746840125440,2020-01-22 18:48:52,"b""@s_r_constantin Perhaps the idea I'm expressing is actually, itself, not nice, such that making a nice statement th\xe2\x80\xa6 https://t.co/Ar9MdZ0Zn2"""
1220055159989927936,2020-01-22 18:46:32,"b'@s_r_constantin Maybe physical continuity implies everything is on a continuum with everything else, which goes to\xe2\x80\xa6 https://t.co/ApgnGIhu3l'"
1220054490105012224,2020-01-22 18:43:52,"b'@s_r_constantin Doesn\'t express the same thing.  ""On a continuum with"" is a weak condition, compatible with there b\xe2\x80\xa6 https://t.co/mwm78bS6g5'"
1219926792162562050,2020-01-22 10:16:27,b'The biggest lie psychiatry ever told is that normality is sane.  This is falsified by social psychology.'
1219903521916506112,2020-01-22 08:43:58,b'RT @MenanderSoter: broke: relying on opaque Twitter algorithm to find new people to follow\n\nbespoke: directly perusing follower graph of in\xe2\x80\xa6'
1218981653357289473,2020-01-19 19:40:48,b'RT @s_r_constantin: @robinhanson Related: if you call someone a \xe2\x80\x9ccult leader\xe2\x80\x9d when they have no more influence over their \xe2\x80\x9cfollowers\xe2\x80\x9d than\xe2\x80\xa6'
1217904898093617152,2020-01-16 20:22:09,"b""@HiFromMichaelV Formally, it isn't in math.\n\nMany coherence conditions are illegible; control can't easily check in\xe2\x80\xa6 https://t.co/iBuVM3oaL4"""
1217591534633115648,2020-01-15 23:36:58,"b'The ""objective vs subjective"" dichotomy assumes answers are either totally constrained (by standardized checking pr\xe2\x80\xa6 https://t.co/RsOWhZij31'"
1217288983522111489,2020-01-15 03:34:44,"b'and of course, the real infohazards (like, the things that actually fuck people up in the real world, not in Dark F\xe2\x80\xa6 https://t.co/Z0MrYVxIFO'"
1217288349641146370,2020-01-15 03:32:13,"b'the whole memespace around ""infohazards"" seems optimized for being fun\n\nlike, you have dangerous forbidden knowledg\xe2\x80\xa6 https://t.co/BB6i4STnt8'"
1217286276333785088,2020-01-15 03:23:59,"b'and so a concept evolves to mean its opposite\n\nmaybe later ""infohazard"" will mean ""cool new thing from outside norm\xe2\x80\xa6 https://t.co/QbgAuvQWZg'"
1211559251367190528,2019-12-30 08:06:49,"b'A prompt for clarifying values: If there were a society of ~150 copies of you (like, your same mental architecture\xe2\x80\xa6 https://t.co/ZprZe7btt6'"
1209885559549640704,2019-12-25 17:16:10,"b'RT @amyalkon: ""The White House is considering issuing an executive order that would mandate immediate free access to all published federall\xe2\x80\xa6'"
1209780127376142338,2019-12-25 10:17:13,"b'Once you understand the game you are playing, you may decide to play a different game instead.  Because you know wh\xe2\x80\xa6 https://t.co/QnPQudUgi2'"
1209776317496823810,2019-12-25 10:02:05,"b'Art project idea: a ""Meat Is Murder"" combined slaughterhouse/butcher/restaurant, where the rule is you must witness\xe2\x80\xa6 https://t.co/XElRWUp4gO'"
1209770376319815684,2019-12-25 09:38:28,"b""Control can't be creative, because creativity is infinite play and control is finite play.\n\nControl can set up cond\xe2\x80\xa6 https://t.co/9OUksNED0H"""
1209769142582013952,2019-12-25 09:33:34,"b""@alyssamvance Also, the people insisting reason can't work and you can only know things through feedback, e.g. in t\xe2\x80\xa6 https://t.co/lmcYVJwSRB"""
1209765744860266496,2019-12-25 09:20:04,b'@alyssamvance Both of these are philosophical.'
1209765600534265857,2019-12-25 09:19:30,"b""@alyssamvance Pyrrho/Descartes/Hume/etc vs. modern internet skeptics\n\nI'm sure you've encountered people saying you\xe2\x80\xa6 https://t.co/0DtARKT51d"""
1209749504162852865,2019-12-25 08:15:32,"b'Crustaceans have similar neuron counts to insects (both lobsters and fruit flies have ~100,000 neurons), hence have\xe2\x80\xa6 https://t.co/ekVUbUhPxw'"
1209738374199726085,2019-12-25 07:31:18,"b'@temirov The concept of schadenfreude is expressible/definable in English, hence English speakers knowing what it i\xe2\x80\xa6 https://t.co/A0XFWAVrl0'"
1209718109105348613,2019-12-25 06:10:47,"b'""Skepticism"" has gone from meaning ""you don\'t know how much of what you were taught etc is true so think it through\xe2\x80\xa6 https://t.co/7jY33oa8rJ'"
1209713137621983233,2019-12-25 05:51:02,"b'@AdeleDeweyLopez @LaParticle this is taking a fact about some high-abundance and/or privileged contexts (""info tran\xe2\x80\xa6 https://t.co/JViMAtWmmf'"
1209644861277659136,2019-12-25 01:19:43,"b'To clarify, materialism is about local physics-like dynamics, and idealism is about realization-independent Platoni\xe2\x80\xa6 https://t.co/X6vBgCqKqa'"
1209640741690953728,2019-12-25 01:03:21,"b'Cynicism will erase idealism by assuming it is no more than its material organism.  Indeed, to be instantiated mate\xe2\x80\xa6 https://t.co/ZagNi1kMao'"
1209627927773466624,2019-12-25 00:12:26,"b""RT @ben_r_hoffman: Steelmanning has its place, but there's a fact of the matter about the cause of people's beliefs, and it's a distortion\xe2\x80\xa6"""
1209627394027347970,2019-12-25 00:10:19,"b'RT @ben_r_hoffman: The *usual* response to objectification via command language is to become capable of responding to immediate commands, b\xe2\x80\xa6'"
1208825582038982658,2019-12-22 19:04:12,"b'@temirov https://t.co/LKHMX7Ii37\n\nMathematical foundations (e.g. set theory, type theory) may, in general, emulate\xe2\x80\xa6 https://t.co/vXKigK3QLt'"
1208541128141791233,2019-12-22 00:13:53,b'RT @RotemEren: Bitch-ass science gives rise to real philosophy.\nReal philosophy gives rise to real science.\nReal science gives rise to bitc\xe2\x80\xa6'
1206844965038329856,2019-12-17 07:53:56,"b'RT @zackmdavis: 1940s war criminal defense: ""I was only following orders!""\n2020s war criminal defense: ""I was only participating in a bad N\xe2\x80\xa6'"
1206838597321494529,2019-12-17 07:28:38,"b'RT @FioraAeterna: does ""trying really hard"" make you do any better at something, or is ""trying really hard"" just a way to experience someth\xe2\x80\xa6'"
1206825290288119808,2019-12-17 06:35:45,"b'School lunch debt is a particularly clear expression of class sadism, an under-appreciated concept.\n\n(I think I hav\xe2\x80\xa6 https://t.co/T428n6iisd'"
1206811433742110720,2019-12-17 05:40:41,b'There is one universal language and a multiplicity of non-universal languages.\n\nBecause if there were two universal\xe2\x80\xa6 https://t.co/Mw8HZPj53E'
1205711405472575489,2019-12-14 04:49:34,"b'The very high end of verbal intelligence requires developing a connected, self-aware, systematic map of concepts (t\xe2\x80\xa6 https://t.co/wPsZrzi1iX'"
1205611436707201024,2019-12-13 22:12:20,"b'This is important.  Having a narrative (""acting like you know what\'s going on"") includes having attack surface for\xe2\x80\xa6 https://t.co/764o1KxNq3'"
1204897330685595648,2019-12-11 22:54:44,"b'If history is written by the victors, then being on the right side of history means siding with the eventual victors.'"
1203875305980489728,2019-12-09 03:13:34,"b'""We\'re living in a material world, and I am a material girl"" is true to the extent that ""I"" refers to a particular\xe2\x80\xa6 https://t.co/XX8gzOYQQq'"
1203412182387449856,2019-12-07 20:33:17,"b'Q: Why is there something rather than nothing?\n\nA: There isn\'t a view from nowhere, so ""there is nothing"" isn\'t a c\xe2\x80\xa6 https://t.co/G2G6pXi55R'"
1201611265862291456,2019-12-02 21:17:05,b'RT @eigenrobot: am i getting poed https://t.co/YyTWStpIGH'
1200930874516066304,2019-12-01 00:13:27,b'The most hazardous of info-hazards are the ones that come without clear documentation of what they are.  Such as po\xe2\x80\xa6 https://t.co/2zYDgGDEg8'
1199132962555453440,2019-11-26 01:09:11,b'RT @QiaochuYuan: really annoying how quickly and how often a word for [good thing] morphs into de facto meaning [cargo culting the good thi\xe2\x80\xa6'
1198841907075403776,2019-11-25 05:52:38,"b'(The difference between conscious and subconscious will is, of course, a matter of how the story is told...)'"
1198841131666030592,2019-11-25 05:49:33,"b'""The Truth of Fact, The Truth of Feeling"" by Ted Chiang, a short story on the difference between records that are c\xe2\x80\xa6 https://t.co/92cJ8aEwY0'"
1197265170420183041,2019-11-20 21:27:15,b'RT @FioraAeterna: @QiaochuYuan pretty much the entire nature of america makes more sense when you realize our entire modern history is foun\xe2\x80\xa6'
1191590099437289472,2019-11-05 05:36:33,"b'@aaron_etc Yes, and this is true even if X in fact contributes to a core project (if it\'s accounted for as ""I did this because it\'s my job"")'"
1191565487957655552,2019-11-05 03:58:45,b'A common cause of motivational problems is explicit reasoning deciding on the right action but for the wrong reason\xe2\x80\xa6 https://t.co/H71Y0dXJ18'
1189676766870159360,2019-10-30 22:53:39,"b""RT @HiFromMichaelV: Abundance is an emotion, so it's an evolved response to an environment that sometimes exists.  It's specifically someth\xe2\x80\xa6"""
1188977154387636224,2019-10-29 00:33:38,b'Suppose postmodernism is false; then a large fraction of humanities and sociology academia has been taken over by a\xe2\x80\xa6 https://t.co/7pSe5cfWna'
1188974475930259456,2019-10-29 00:22:59,b'RT @HiFromMichaelV: Trauma is evolutionary adaptation for a low trust social context where in order to survive it is necessary to distrust\xe2\x80\xa6'
1188645339252715520,2019-10-28 02:35:07,b'New blog post: Is requires ought https://t.co/V12vTyFoFJ'
1188567229987577856,2019-10-27 21:24:44,"b'@zackmdavis @a_centrism ""Important"" isn\'t meaningless!  Statements about importance can be lies!  Summaries must re\xe2\x80\xa6 https://t.co/ePDJ5OQ0GU'"
1188556257797406720,2019-10-27 20:41:08,"b'RT @s_r_constantin: @TheAnnaGat Everything you thought was mean and shallow when you were a kid \xe2\x80\x94 the \xe2\x80\x9cpopular crowd\xe2\x80\x9d, mass culture, author\xe2\x80\xa6'"
1188495525458239488,2019-10-27 16:39:49,"b'@zackmdavis @a_centrism There is no philosophical argument given for ""distinguishable using mri and ML is important\xe2\x80\xa6 https://t.co/N5rXsOQVlG'"
1188473293411504128,2019-10-27 15:11:28,"b'@zackmdavis @a_centrism Also, male and female brains are distinguishable, because male and female minds are disting\xe2\x80\xa6 https://t.co/Gc8BhN52gR'"
1188181663714426880,2019-10-26 19:52:38,"b'@zackmdavis Not everyone needs to know, just a sufficient set to attain victory.\n\nThe other relevant consideration\xe2\x80\xa6 https://t.co/GwCIEx1EUr'"
1188172636989165568,2019-10-26 19:16:46,b'@zackmdavis E.g. consider the case of being an accountant at a company where the books are cooked routinely.  Insis\xe2\x80\xa6 https://t.co/VIGCbrfVc9'
1188171126280581120,2019-10-26 19:10:46,"b'@zackmdavis In an environment of sufficiently high corruption, dying on a hill is an act of awareness-raising throu\xe2\x80\xa6 https://t.co/zYxVtWGt9s'"
1187996071261163520,2019-10-26 07:35:09,"b'There are many beliefs that imply that that saying that same belief out loud would be bad.  Clearly, it is impossib\xe2\x80\xa6 https://t.co/0VciaIwkqP'"
1187896701010341889,2019-10-26 01:00:18,"b'@Display_Geek ""This idea about ethics is harmful"" in no way implies ""the true ethics contains this idea"" or ""ethics is harmful""'"
1187879209873461249,2019-10-25 23:50:48,"b'@Display_Geek Yeah, but I was mentioning the idea, not saying I agreed with it.  (I thought it would have been clea\xe2\x80\xa6 https://t.co/XxFeN2sDjN'"
1187878036076544001,2019-10-25 23:46:08,"b""@Display_Geek I don't know how you got the idea from my original tweet that I thought ethics only has negative obligations."""
1187877126285877248,2019-10-25 23:42:31,"b'@Display_Geek Ethics can treat action and inaction asymmetrically, while still having a mixture of negative and positive obligations.'"
1187799581464989696,2019-10-25 18:34:23,b'The idea that there are negative but not positive ethical obligations -- that ethics can compel inaction but not ac\xe2\x80\xa6 https://t.co/nDrSAmGysU'
1187793193275756545,2019-10-25 18:09:00,b'RT @GaryMarcus: Open discussion of differing world views is essential for progress. Always eager to have my ideas challenged.\n\nI invite \xe2\x81\xa6@g\xe2\x80\xa6'
1186826050073817088,2019-10-23 02:05:55,b'RT @s_r_constantin: https://t.co/wlA665sskM'
1182693230921388033,2019-10-11 16:23:34,"b'RT @mr_scientism: If democracies outperform non-democracies by certain criteria (economic, etc), but democracy doesn\xe2\x80\x99t work as advertised,\xe2\x80\xa6'"
1179604394754490368,2019-10-03 03:49:38,"b'RT @chaosprime: if you try to teach a student to think critically and they come to embrace your ideas and build on them, you might have suc\xe2\x80\xa6'"
1179160223149244417,2019-10-01 22:24:39,"b""There's trying and there's not trying. Within not trying, there is a spectrum of how much plausible deniability is\xe2\x80\xa6 https://t.co/qqHXUXQhjL"""
1178448622611943424,2019-09-29 23:17:00,"b'For many social threats, some people deal with it by knowing the threat, and some deal with it by not knowing the t\xe2\x80\xa6 https://t.co/2kVmQqWC0R'"
1177708775098109953,2019-09-27 22:17:07,"b""RT @TheAnnaGat: I tweeted and had many convos about this in the past weeks, but here it is: \nmy 'Big Comprehensive Thread of My Three Frame\xe2\x80\xa6"""
1177326820892393472,2019-09-26 20:59:22,"b'""Bubble"" as in ""sorry to burst your bubble"" and ""bubble"" as in ""the housing bubble"" are the same kind of bubble.'"
1177322231468191744,2019-09-26 20:41:08,b'@RokoMijicUK It seems strange to show others you are kind by doing an unkind thing (choosing beliefs based on a ste\xe2\x80\xa6 https://t.co/tPxk4QQVWV'
1177180190671134720,2019-09-26 11:16:43,"b'@RokoMijicUK Additionally, ""often virtue signalling is not worth the cost"" does not mean ""virtue signalling is ofte\xe2\x80\xa6 https://t.co/njpkSVZLEa'"
1177178742449262592,2019-09-26 11:10:57,"b""@RokoMijicUK But that's false signalling, because nuclear power is good, so if you really care then you'll support\xe2\x80\xa6 https://t.co/T9MxNmeLKV"""
1177068902020308992,2019-09-26 03:54:29,"b'True virtue signalling is good.\n\nIf you have virtue, causing others to know that is helpful both for them and for y\xe2\x80\xa6 https://t.co/graB2l8m1x'"
1176910580575113216,2019-09-25 17:25:23,"b'Intellectual import replacement: Being skeptical of info sources currently taken for granted, and attempting to rep\xe2\x80\xa6 https://t.co/tIAOQGaaMm'"
1176713979432882177,2019-09-25 04:24:09,b'RT @eigenrobot: new EA cause area: redeeming Satan to gods light\n\nadmittedly a long shot but the upside is huge'
1176653127535058944,2019-09-25 00:22:21,b'Emphasizing the former leads to being a survivalist.  Emphasizing the latter leads to being a normie.'
1176651876801994752,2019-09-25 00:17:23,b'I stay safe through a combination of tracking material reality and participating in too-big-to-fail schemes.'
1175856056221589504,2019-09-22 19:35:04,b'Information is a form of optionality which is a form of capability.  The ability to take different actions in different possible worlds.'
1175253585543589888,2019-09-21 03:41:04,"b'You have a great philosophical idea?  Okay, how does it apply to the thing right in front of you?  What would actin\xe2\x80\xa6 https://t.co/c11h4XzC29'"
1175251584667680769,2019-09-21 03:33:07,"b'Everything is a metaphor for everything else.  ""Think globally, act locally"" means recognizing this, taking local a\xe2\x80\xa6 https://t.co/swjHGGYiPk'"
1174913537677770753,2019-09-20 05:09:50,b'@DiracWinsAgain CCI includes labor price.'
1174907035801907200,2019-09-20 04:44:00,"b'@DiracWinsAgain Agree that inflation is closer for determining standard of living (but, median wages are even better for that)'"
1174906678824685568,2019-09-20 04:42:35,"b'@DiracWinsAgain Cost index calculation shows that civilization has, effectively, gotten worse at building housing.\xe2\x80\xa6 https://t.co/qnnejHBwjR'"
1174900451537346561,2019-09-20 04:17:50,"b'@DiracWinsAgain better ENR link here: https://t.co/i6q64Vlimb  (construction cost index)\n\nI did the calculation, it\xe2\x80\xa6 https://t.co/kc0rzqoCIi'"
1174900113715544069,2019-09-20 04:16:30,"b'@DiracWinsAgain Of course there are costs to having kids, this is known to literally everyone, and no one could thi\xe2\x80\xa6 https://t.co/pXUawk1OeP'"
1174899770613125120,2019-09-20 04:15:08,b'@DiracWinsAgain I linked this: https://t.co/2tzjoQBjIk\n\nSee this: https://t.co/GKuegTvb1f\n\nHousing has gotten massi\xe2\x80\xa6 https://t.co/9hZ1CfkDyI'
1174898468466245632,2019-09-20 04:09:58,"b""@DiracWinsAgain Investment vs consumption:  False dichotomy, it's also possible to save material resources (e.g. fo\xe2\x80\xa6 https://t.co/zFfnpCpAYc"""
1174897994702811144,2019-09-20 04:08:05,"b'@DiracWinsAgain ""Investment has driven real gains in standards of living"": Of course this has been true in the past\xe2\x80\xa6 https://t.co/1mFDr2UeoW'"
1174891924911620096,2019-09-20 03:43:57,"b'@DiracWinsAgain ""If you don\'t have kids, you can give more control to publicly traded companies, who in addition to\xe2\x80\xa6 https://t.co/DrVPheuSkd'"
1174890084836921345,2019-09-20 03:36:39,b'@DiracWinsAgain Investment means giving more control to publicly traded companies (money is zero-sum).  \n\nFirms are\xe2\x80\xa6 https://t.co/wCV0JvIUfe'
1174826660811526145,2019-09-19 23:24:37,b'@DiracWinsAgain These economic abstractions have been non-material since Keynesianism.\n\nPaying people to dig and fi\xe2\x80\xa6 https://t.co/3V6TVDCL8e'
1174803675006435328,2019-09-19 21:53:17,"b'What is ""growth"", when it is believed to be at odds with having a sizable next generation?  Growth of what, exactly\xe2\x80\xa6 https://t.co/tZtOaxYWUX'"
1174597984228560902,2019-09-19 08:15:57,"b'Self-enforcing restriction of all behavior to play by the constraints of a zero-sum game, is the root of all evil.'"
1174455077240655873,2019-09-18 22:48:05,b'Symmetries have historical causes!  The cause came before the symmetrical entities.'
1174449512296796160,2019-09-18 22:25:58,"b""Platonism: if you see the same thing in two places, it's the same thing.\n\n(If there's a tree here and a tree there,\xe2\x80\xa6 https://t.co/oIBwvc2raC"""
1173757247383453696,2019-09-17 00:35:09,"b'Agents are things exerting optimization pressure, not things constructed by things exerting optimization pressure to make a good story!'"
1172249425349173248,2019-09-12 20:43:37,"b'RT @s_r_constantin: The opposite of Hanlon\'s Razor is something like ""never attribute to stupidity what can be adequately explained by not\xe2\x80\xa6'"
1171280301047238657,2019-09-10 04:32:39,b'New blog post: Truth-telling is aggression in zero-sum frames https://t.co/Pqu4tpeOJD'
1170096840437424128,2019-09-06 22:10:00,b'The apocalypse apocalypse: as fewer people expect the medium-term future to exist (in ways caused or justified by a\xe2\x80\xa6 https://t.co/jV67sWore8'
1168762587271458816,2019-09-03 05:48:10,b'Positive-sum communication metaphysics assumes information is given by the informer to the benefit of the informed.\xe2\x80\xa6 https://t.co/9zX1AuQ8us'
1166824568540950528,2019-08-28 21:27:10,b'RT @webdevMason: Make wealthy benefactors cool again'
1165825293627482112,2019-08-26 03:16:24,"b""Sometimes it's hard to differentiate stupidity from something that's not trying to communicate with you."""
1164774788960645121,2019-08-23 05:42:04,"b""Errors aren't always mistakes.\n\nError is when you get the wrong answer.  Mistake is when you try to get the right a\xe2\x80\xa6 https://t.co/ZmAnjhjhBy"""
1163173892300529664,2019-08-18 19:40:41,b'RT @chaosprime: the greatest lie modernity ever told is that all the low-hanging fruit with respect to understanding our world and ourselve\xe2\x80\xa6'
1162061807814451200,2019-08-15 18:01:39,"b'RT @s_r_constantin: If you don\xe2\x80\x99t believe there are fake X\xe2\x80\x99s, you\xe2\x80\x99re not a real X.'"
1162060267204648961,2019-08-15 17:55:32,"b'RT @chaosprime: in conditions of widespread preference falsification, dissent is startlingly powerful; a few people pointing out the empero\xe2\x80\xa6'"
1161434803670880257,2019-08-14 00:30:10,"b""RT @HiFromMichaelV: First they came for the epistemology.\nWe don't know what happened after that."""
1161341090231803905,2019-08-13 18:17:47,"b'A thesis: Conspiracies are real, but self-hiding, presenting an epistemic limitation, such that any _detailed_ stor\xe2\x80\xa6 https://t.co/JOW8CnQufu'"
1161341089443241984,2019-08-13 18:17:47,"b'""But the premise of the QAnon fantasia, that certain elite networks of influence, complicity and blackmail have ena\xe2\x80\xa6 https://t.co/Uy7eYsgeR9'"
1161341088705069056,2019-08-13 18:17:46,"b'""Sometimes that reality is a conspiracy in full... Sometimes it\xe2\x80\x99s a kind of unconscious connivance, in which instit\xe2\x80\xa6 https://t.co/1OOOSs7fWl'"
1161341087799103488,2019-08-13 18:17:46,b'A good article about conspiracy theories in the New York Times! https://t.co/O04TFGo95I'
1161124237119066112,2019-08-13 03:56:05,b'insight -&gt; sketch -&gt; crackpot theory -&gt; competing theory -&gt; accepted theory -&gt; common sense\n\nNot all stages have to\xe2\x80\xa6 https://t.co/68iiYwrM0U'
1159910394237874176,2019-08-09 19:32:42,"b'RT @anderssandberg: Great thread, that really demonstrates that there are some elements in history that appear very path-dependent. https:/\xe2\x80\xa6'"
1159477492647731200,2019-08-08 14:52:30,"b'@ciphergoth This is like one of those ""estimate how many jelly beans are in this jar, say the biggest number withou\xe2\x80\xa6 https://t.co/bciAcRCx0R'"
1157201087046144000,2019-08-02 08:06:53,"b'@robinhanson It is prudent to submit to and worship powerful, irresistible things.'"
1157047087306924032,2019-08-01 21:54:57,"b""RT @SamoBurja: Deep skepticism and epistemic throughness doesn't lead you to sexy questions. It leads you to strange questions.\n\nExample: W\xe2\x80\xa6"""
1157040090482270208,2019-08-01 21:27:08,"b'RT @HiFromMichaelV: To a great extent, SJW rhetoric starts from the assumption that institutional betrayal, e.g. belief in an unjust world,\xe2\x80\xa6'"
1157036537638318080,2019-08-01 21:13:01,b'RT @acesounderglass: Power Buys You Distance From The\xc2\xa0Crime https://t.co/k94yJlpUKx https://t.co/DeBUm0xVbU'
1155188224920150016,2019-07-27 18:48:29,"b'RT @Meaningness: Optimal timing for \xe2\x80\x9cI told you so\xe2\x80\x9d is when there\xe2\x80\x99s enough evidence that you are unlikely to be wrong, yet before it\xe2\x80\x99s so o\xe2\x80\xa6'"
1153924529577533441,2019-07-24 07:07:01,b'New blog post: Metaphorical extensions and conceptual figure-ground inversions https://t.co/PO2FYWSoXb'
1152885469069246465,2019-07-21 10:18:10,"b'RT @HiFromMichaelV: There is a conflict between conflict theory and mistake theory, therefore mistake theory is making a mistake. https://t\xe2\x80\xa6'"
1151687354165297152,2019-07-18 02:57:17,b'New blog post: Dialogue on Appeals to Consequences https://t.co/cc5MpQXyFW'
1151642966827491329,2019-07-18 00:00:54,"b""@RivalVoices @slatestarcodex Isn't this lie usually implemented as subconscious motivated cognition, though? (in co\xe2\x80\xa6 https://t.co/Q0pFSxNFYJ"""
1151366502550949889,2019-07-17 05:42:20,"b""RT @sonyaellenmann: there's this whole class of epistemically helpless people who somehow manage to live their lives despite profound confu\xe2\x80\xa6"""
1151356110634225664,2019-07-17 05:01:02,b'RT @meditationstuff: @erin_nerung @Meaningness @RivalVoices @DRMacIver @ssica3003 @context_ing most people incorrectly start out by fightin\xe2\x80\xa6'
1151302696508334080,2019-07-17 01:28:47,"b'This is an instance of an AI gap lie (analogous to the missile gap lie), as I discussed in this post\xe2\x80\xa6 https://t.co/dlLNn8LD8v'"
1151300158178512896,2019-07-17 01:18:42,"b""RT @robinhanson: Many of the people I like best share my taste for abstraction. But many haven't learned a key related skill: how to jump b\xe2\x80\xa6"""
1150883474934419456,2019-07-15 21:42:57,b'New blog post: Why artificial optimism? https://t.co/woOW9ioKpi'
1150209063076036608,2019-07-14 01:03:05,b'This conversation between Chomsky and Foucault on the use of the concepts of human nature and justice from within a\xe2\x80\xa6 https://t.co/7kNYKRxmDT'
1149183222330224640,2019-07-11 05:06:45,b'(also see the discussion on LessWrong: https://t.co/gai4WtoQ9l)'
1149179082728284160,2019-07-11 04:50:18,"b'New blog post, The AI Timelines Scam: https://t.co/5ZYPQ3OHJJ'"
1147544474047827969,2019-07-06 16:34:57,"b'@robinhanson Requires infinite bankroll to guarantee profit, similar to Martingale betting strategy.  (Actually, it\xe2\x80\xa6 https://t.co/MpX6XqALIT'"
1144335138609741824,2019-06-27 20:02:12,"b'RT @meditationstuff: woke: reverse engineer ways to *use one\'s mind* (as opposed to e.g. ""how to be succeed* or something)  from generalize\xe2\x80\xa6'"
1144165843040780288,2019-06-27 08:49:29,b'Being reasonable is like being an animal wearing a mech suit. If the mech suit is aligned with the direction the an\xe2\x80\xa6 https://t.co/Sm5civ1FX7'
1143994271470628864,2019-06-26 21:27:43,"b'The normatively correct interpretation of a sentence is not always identical with what the speaker meant to say, no\xe2\x80\xa6 https://t.co/iOPhbxlZsf'"
1143785126121230336,2019-06-26 07:36:39,"b'The word ""just"", as in ""X is just Y"", is a form of attentional control: pay attention to this interpretation, and to no other.'"
1143640090217869312,2019-06-25 22:00:19,"b""Blog post: Writing children's picture books https://t.co/RHRQNsk1S6"""
1143271880079491072,2019-06-24 21:37:11,"b""What business do you have trying to maximize when you haven't already succeeded in satisficing?"""
1142990595729739776,2019-06-24 02:59:28,"b""How and why doctors distort information about medical errors (it's mostly about covering their asses):\xe2\x80\xa6 https://t.co/fEHkyd0CJb"""
1142896231091326976,2019-06-23 20:44:30,"b""@robinhanson No, it's normal over number of bits.  Since it's normal over the log of a probability ratio, and log p\xe2\x80\xa6 https://t.co/Z3ByPvmyac"""
1142891522028785664,2019-06-23 20:25:47,"b'@TheZvi Obviously the pairings end up suboptimal, but they would have ended up suboptimal anyway.  The question is\xe2\x80\xa6 https://t.co/kLXD2NxT1N'"
1142890230132830208,2019-06-23 20:20:39,"b'@TheZvi Yes, this might have to be coordinated across different institutions to work.'"
1142871939263787008,2019-06-23 19:07:58,"b""@robinhanson 1. Some lognormal distributions don't have this property (e.g. mean of log10 is 0.5, stdev of log10 is\xe2\x80\xa6 https://t.co/A7pSL1debw"""
1142649215987798016,2019-06-23 04:22:57,b'This corresponds to the quantilization decision rule I discovered!  https://t.co/YfOjZMo4Vv'
1142648504185049090,2019-06-23 04:20:07,b'Choosing candidates (e.g. college applicants) based on who has the best resume actively creates bad incentives (Goo\xe2\x80\xa6 https://t.co/NpcJ2DrxQV'
1142645152604811264,2019-06-23 04:06:48,"b'""We\'re trapped in the belly of this horrible machine / And the machine is bleeding to death""\n\n-- The Dead Flag Blue\xe2\x80\xa6 https://t.co/j7c6jhtzY9'"
1142524650888540161,2019-06-22 20:07:58,"b'Law fought fraud, and fraud won.  In such a circumstance, punishing most fraud is unjustifiable, as the justificati\xe2\x80\xa6 https://t.co/4WdtnDwRcv'"
1142463491464290304,2019-06-22 16:04:56,"b'@reasonisfun What people actually believe is a proxy for truth, so optimization against that is optimization agains\xe2\x80\xa6 https://t.co/PehF3OiZZ6'"
1142347330026217472,2019-06-22 08:23:21,"b'""Motivated cognition"" is the idea that there is active, implicit, covert optimization against the truth.'"
1141429636129181696,2019-06-19 19:36:46,"b""RT @reasonisfun: People think they're being monitored.\n\nCan't do anything too weird or the mob will lynch you.\n\nBut actual coercive mechani\xe2\x80\xa6"""
1141044695595773957,2019-06-18 18:07:09,b'Exercise for clarifying your ideas and how to explain them: Pick a topic (e.g. political polarization). Imagine wri\xe2\x80\xa6 https://t.co/NbRBBRpzAy'
1140678334931599360,2019-06-17 17:51:22,"b""It's worth distinguishing between someone's endorsed beliefs/preferences and effective beliefs/preferences. First d\xe2\x80\xa6 https://t.co/GsGgkOm62H"""
1140672233943130112,2019-06-17 17:27:07,"b'@entirelyuseles Yes, or buying Bitcoin at $10 like I did.'"
1140672109720428550,2019-06-17 17:26:38,"b""@entirelyuseles Oh, I see how you'd get confused if you thought I meant to insult NPCs.  But that's not what I mean\xe2\x80\xa6 https://t.co/1S3Hwce9yG"""
1140645137036374016,2019-06-17 15:39:27,"b""@entirelyuseles The random people picking up $100 bills are player characters, because they're out in the world pursuing opportunities."""
1140460349969141765,2019-06-17 03:25:10,"b'When punishing someone, consider: would it be catastrophic if everyone who did something of that blameworthiness we\xe2\x80\xa6 https://t.co/qpYXS7zSWZ'"
1140458377480302592,2019-06-17 03:17:20,"b'""There are no $100 bills on the ground, otherwise someone would have already picked them up"" isn\'t true if everyone\xe2\x80\xa6 https://t.co/TXvkm79vPH'"
1140443637328666625,2019-06-17 02:18:46,"b'@zackmdavis If you can represent the tradeoffs (including how much you actually believe Kantian philosophy), you ca\xe2\x80\xa6 https://t.co/7PDCEXKdU2'"
1140443309527072768,2019-06-17 02:17:28,"b""@zackmdavis The meat of this is the installation of a Kantian subagent that judges one's actions according to some\xe2\x80\xa6 https://t.co/CGRYQWqS22"""
1140439902078640128,2019-06-17 02:03:55,"b""@argletargle Yes, it's hard, the idea is to figure out how to do it anyway, finding ways to not lie/pretend all the\xe2\x80\xa6 https://t.co/WIIr82iD58"""
1140431649038974978,2019-06-17 01:31:07,"b'@zackmdavis Like, ""goals = revealed preferences"" is what you get by naively applying agent-based models to humans,\xe2\x80\xa6 https://t.co/naUuWI9Gqp'"
1140431111132078081,2019-06-17 01:28:59,"b""@zackmdavis In what sense are people's goals not identical to their revealed preferences?  (not saying they are, bu\xe2\x80\xa6 https://t.co/BFrykJeHCQ"""
1140425444191162368,2019-06-17 01:06:28,"b'You can have infinite willpower, if you identify your goals with your revealed preferences.'"
1139738326355738626,2019-06-15 03:36:06,"b'3 methods of handling worldview differences: dogma, dialectics, and conflict.'"
1139429077780058112,2019-06-14 07:07:16,b'@zackmdavis it is all an act'
1137980791571357696,2019-06-10 07:12:18,"b'the null prescription, often the best prescription'"
1137452078958145536,2019-06-08 20:11:23,b'@DRMacIver @ben_r_hoffman @zackmdavis Entirely agreed on these examples.'
1137450703910129664,2019-06-08 20:05:55,"b'@DRMacIver @ben_r_hoffman @zackmdavis Design might be about 20% of the work, and design guides the rest of the thing.'"
1137450256088457216,2019-06-08 20:04:08,b'@DRMacIver @ben_r_hoffman @zackmdavis Depends how you count it.  A web app often has a spec for the database and ac\xe2\x80\xa6 https://t.co/fbNw0b5yZs'
1137449121638256641,2019-06-08 19:59:38,"b'@DRMacIver @ben_r_hoffman @zackmdavis QuickSort, binary search trees, the idea of canonically representing a set as\xe2\x80\xa6 https://t.co/Qsrg7CGSBG'"
1137448143618859009,2019-06-08 19:55:44,"b""@DRMacIver @ben_r_hoffman @zackmdavis People implementing QuickSort will often write it wrong, but that doesn't mean QuickSort doesn't work"""
1137447792173957120,2019-06-08 19:54:21,"b'@DRMacIver @ben_r_hoffman @zackmdavis Where by ""work"" I mean something like ""the algorithm, mathematically, does wh\xe2\x80\xa6 https://t.co/3bPFSBIbDM'"
1137447417865834496,2019-06-08 19:52:51,"b'@DRMacIver @ben_r_hoffman @zackmdavis As I said before, my claim isn\'t ""it\'s possible to write 100% formally correc\xe2\x80\xa6 https://t.co/IlYUtikPOS'"
1137444536970403841,2019-06-08 19:41:24,"b""@DRMacIver @ben_r_hoffman @zackmdavis Yes, I am unusually good; it's important to track the difference between what\xe2\x80\xa6 https://t.co/IKvubB6lyh"""
1137443114300239874,2019-06-08 19:35:45,"b""@DRMacIver @ben_r_hoffman @zackmdavis Oh, I'm not claiming I can write 100% formally correct software without takin\xe2\x80\xa6 https://t.co/Ts9ghKD1sf"""
1137442346897821696,2019-06-08 19:32:42,b'@DRMacIver @ben_r_hoffman @zackmdavis It seems like this is a strong prediction that a field of algorithms and data\xe2\x80\xa6 https://t.co/E8G4Nejfhl'
1137440720078327808,2019-06-08 19:26:14,b'@DRMacIver @ben_r_hoffman @zackmdavis This seems like disagreeing with the maximum goodness of theory we should exp\xe2\x80\xa6 https://t.co/6md5ZKo96D'
1137439990273601536,2019-06-08 19:23:20,"b""@DRMacIver @ben_r_hoffman @zackmdavis As a professional software engineer I'm pretty sure this is false?  I can hav\xe2\x80\xa6 https://t.co/pkyvNtYNxw"""
1137434451963604992,2019-06-08 19:01:20,"b'RT @RootOfUnity: The concept of the sun has been independently reinvented several times throughout history, suggesting that it is a univers\xe2\x80\xa6'"
1136769032986562560,2019-06-06 22:57:12,"b""@EvanWard97 Yes, that makes sense, there aren't choices happening at that level."""
1136766588584022016,2019-06-06 22:47:29,"b'A corollary: a major function of ordinary consciousness, which considers some things to be choices (e.g. going to t\xe2\x80\xa6 https://t.co/cZEgVg6S5Z'"
1136766133434896384,2019-06-06 22:45:40,"b'@EvanWard97 Information processing agents can do things that are well-described as choices, e.g. Deep Blue choosing\xe2\x80\xa6 https://t.co/xDFCJLtyFW'"
1136761481855262720,2019-06-06 22:27:11,"b'One of the main reasons for being interested in the philosophical question of free will, is justifications for crim\xe2\x80\xa6 https://t.co/yj2NNOVca3'"
1136760707792289792,2019-06-06 22:24:07,"b'Humans do lots of things (motor movements, speech, having thoughts and feelings, perception).  Which things are cho\xe2\x80\xa6 https://t.co/D2VNyzQpT4'"
1136696306426994688,2019-06-06 18:08:12,"b'@zackmdavis @DRMacIver @ben_r_hoffman ""War is the continuation of politics by other means"".  It seems like what you\xe2\x80\xa6 https://t.co/omVVRdGHDx'"
1136692631491104768,2019-06-06 17:53:36,"b'RT @benlandautaylor: Actually you can say almost anything on the internet, if you have a little bit of courage. https://t.co/yZIPNySine'"
1136011772589043712,2019-06-04 20:48:07,b'Conjecture: Being a good generalist is about reaching the standard of mediocrity / actually trying at all / etc in\xe2\x80\xa6 https://t.co/JWiTgnlWwy'
1135645581810884610,2019-06-03 20:33:00,b'Trees are connected to tree-models are connected to fractal-models are connected to coastline-models are connected\xe2\x80\xa6 https://t.co/iihjC6rLaX'
1133832535744495616,2019-05-29 20:28:36,"b'""Correctly criticizing this person\'s project is attacking them"" assigns bad motives to the person.  It assumes they\xe2\x80\xa6 https://t.co/lwlax7VGar'"
1133495150322151424,2019-05-28 22:07:57,"b'RT @robinhanson: ""interdisciplinary array of science courses [helps for] thinking analogically; researchers with offbeat knowledge combinat\xe2\x80\xa6'"
1133107744884420609,2019-05-27 20:28:33,"b""RT @ben_r_hoffman: (1) Build local groups or networks with deliberative capacity that doesn't privilege the official frame, but does believ\xe2\x80\xa6"""
1133100105911767040,2019-05-27 19:58:11,"b'Control, too, is an expression of the Tao.'"
1132415475076325377,2019-05-25 22:37:43,"b'@drethelin Reason is basically ""stuff you can talk about / account for"".  It doesn\'t have to be a correction factor\xe2\x80\xa6 https://t.co/EYNzujCyCZ'"
1132398829037281280,2019-05-25 21:31:34,b'Perhaps intuitions/the passions/etc are correction factors over reason?  If something is already accounted for in r\xe2\x80\xa6 https://t.co/POLbkC3HI0'
1131111696464879616,2019-05-22 08:16:58,"b'Design often works by iterating completion (following the given path, iterative improvement, healing, filling out)\xe2\x80\xa6 https://t.co/BnsUD87n2g'"
1131052201277714432,2019-05-22 04:20:33,"b'@RationalPanthe1 If panpsychism is true (and all is mind), then some of mind is especially saliently mind-y, such t\xe2\x80\xa6 https://t.co/LBnTkPuVWA'"
1131051144736698368,2019-05-22 04:16:21,"b""@RationalPanthe1 That which the baby experiences as their own mind, is only part of they reality they're experienci\xe2\x80\xa6 https://t.co/vdfi4eUcku"""
1131050452538126341,2019-05-22 04:13:36,"b'@RationalPanthe1 Babies have some experiences that they think are of their own mind, and some experiences that they\xe2\x80\xa6 https://t.co/pXd3NkTT5n'"
1131047411281870848,2019-05-22 04:01:31,"b'@RationalPanthe1 To elaborate, to even know what panpsychism is claiming (let alone whether it is true), I need a ""\xe2\x80\xa6 https://t.co/4g2Jf0fLTY'"
1131044593305210882,2019-05-22 03:50:19,"b'@RationalPanthe1 How does a baby learn the meaning of the word ""mind"" except by, at least initially, contrasting it\xe2\x80\xa6 https://t.co/NuNZbasRJV'"
1131033541867761664,2019-05-22 03:06:24,"b'@RationalPanthe1 So, things like panpsychism and materialism do a kind of figure-ground inversion, where what was i\xe2\x80\xa6 https://t.co/bYH5zg73u0'"
1131032503005769730,2019-05-22 03:02:16,"b'@RationalPanthe1 Panpsychism says: ""hey, you know this \'mind\' thing that currently seems different from this \'matte\xe2\x80\xa6 https://t.co/gIQ3NDWM21'"
1130638141964967936,2019-05-21 00:55:13,"b'You can solve the ""people get misled by what you said and end up with worse beliefs/strategies"" problem by either s\xe2\x80\xa6 https://t.co/5fcS3BV7LW'"
1129921128825217024,2019-05-19 01:26:04,b'Self-consciousness tries to make everything about itself.'
1129588351785299968,2019-05-18 03:23:44,"b'The adversarial interpretation of logic is also clear: theorems always hold, even under adversarial conditions.  Un\xe2\x80\xa6 https://t.co/txB0mLLMtx'"
1129588350321549312,2019-05-18 03:23:44,b'Follow-up: frequentist statistics is a form of adversarial epistemology.  The proofs work as long as the assumption\xe2\x80\xa6 https://t.co/CQFMc26EHF'
1129566982712377345,2019-05-18 01:58:49,b'I disbelieve explanations of human behavior that imply that someone is making a mistake that simple reinforcement l\xe2\x80\xa6 https://t.co/wu9QVRwfN9'
1129540035395506176,2019-05-18 00:11:44,"b""@ESYudkowsky @ben_r_hoffman Pro-choice/pro-life doesn't mean thinking abortion is ethical/unethical, it means think\xe2\x80\xa6 https://t.co/6LO3DA5d80"""
1129531221300486149,2019-05-17 23:36:43,b'Paradox of object: a single thing seems different when viewed differently. Paradox of subject: you view and act dif\xe2\x80\xa6 https://t.co/zr8pZLEfja'
1128847922945114113,2019-05-16 02:21:32,b'(see also: Totalitarian Ethical Systems https://t.co/HfqnW5chm7)'
1128847922202701824,2019-05-16 02:21:32,"b'It can simultaneously be unethical to take some action X, and unethical to force others not to do X.  Coercion has\xe2\x80\xa6 https://t.co/XyjNDULfKa'"
1128385716977688577,2019-05-14 19:44:53,"b'@benlandautaylor This seems like an implicit conflation between X: ""the past situation was zero sum"", and Y: ""credi\xe2\x80\xa6 https://t.co/8uRambAco5'"
1128382780973277184,2019-05-14 19:33:13,"b'@benlandautaylor It could still be important to track who gains more for negotiation reasons, but this seems pretty\xe2\x80\xa6 https://t.co/MTi5oV4pt1'"
1128381329022697472,2019-05-14 19:27:27,"b""@benlandautaylor This seems like zero-sum accounting as in Marx's Capital, where there's a unitary notion of value,\xe2\x80\xa6 https://t.co/iE2FvmLosu"""
1128377822395813888,2019-05-14 19:13:31,"b'@benlandautaylor What do you mean by net value flow?  (benefit to A - cost to A) - (benefit to B - cost to B), or s\xe2\x80\xa6 https://t.co/DM0CTiGxfU'"
1128128327972151296,2019-05-14 02:42:07,"b'RT @robinhanson: I see a consistent pattern: most people dislike clear formal mechanisms, preferring some people to have opaque discretion.\xe2\x80\xa6'"
1128054927505231872,2019-05-13 21:50:27,"b""RT @QiaochuYuan: Have a friend who puts it this way: happiness is what you feel when you're getting what you want. So wanting to feel happy\xe2\x80\xa6"""
1127648739403763714,2019-05-12 18:56:24,"b'Panpsychism, physicalism, naturalism, materialism, representationalism, nihilism, monism, pantheism, comptutational\xe2\x80\xa6 https://t.co/i4y67eY61M'"
1127320063676018688,2019-05-11 21:10:22,"b'An example of non-dualist analysis:  Suppose we want better science to happen, and are thinking about how to incent\xe2\x80\xa6 https://t.co/qvApTICVHR'"
1127308000652349441,2019-05-11 20:22:26,"b""It's a mistake to think that if you have a weird goal, normal strategies (e.g. normal business) are the best for ac\xe2\x80\xa6 https://t.co/HKrWHdKxfh"""
1127304940152471552,2019-05-11 20:10:16,"b'@skullpile5 Yes, the maximal viciousness thing is the same thing as worst-case game theory.'"
1127284036236222464,2019-05-11 18:47:12,"b""Speaking truth to Twitter is good practice for speaking truth in general.  Easier to say something if you've alread\xe2\x80\xa6 https://t.co/KMeisTi4wZ"""
1127282083754196993,2019-05-11 18:39:27,"b'""Nothing is discrete"" doesn\'t just imply that all discrete ontologies are false, it implies that discrete ontologie\xe2\x80\xa6 https://t.co/tWxb1RtXWf'"
1127272450536792064,2019-05-11 18:01:10,"b""Related:  Globally zero-sum games don't, in general, simplify to locally zero-sum games.  Tournaments are\nthe excep\xe2\x80\xa6 https://t.co/90FphySPWY"""
1127270509299716096,2019-05-11 17:53:27,b'Why might this error (of assuming that maximal viciousness is necessary to get big things done) show up?  Hypothesi\xe2\x80\xa6 https://t.co/nGgrNQWqfM'
1127268825995431936,2019-05-11 17:46:46,"b""Strategy principle: don't assume you have an evil twin (who has similar capabilities/strategy, but is more power hu\xe2\x80\xa6 https://t.co/JydiOxACdB"""
1127258207561211905,2019-05-11 17:04:34,"b""Perhaps no error has been more costly to modern science than Ronald Fisher's standard of p &lt; 0.05.  p &lt; 0.001 requi\xe2\x80\xa6 https://t.co/mByKA0rNDN"""
1127253208668094464,2019-05-11 16:44:42,"b'@reasonisfun Goals such as building a house preceded these coercive control mechanisms, but ""your goal"" in our soci\xe2\x80\xa6 https://t.co/P4jvqzldqy'"
1126532964735639552,2019-05-09 17:02:43,"b""@davidmanheim @VesselOfSpirit You're right, those things are more naturally multi-agentic.  Perhaps humans have the\xe2\x80\xa6 https://t.co/5UHCzaW7dY"""
1126238807861280770,2019-05-08 21:33:50,"b'@xuenay Also, I agree that there are low-level ""agents"" that don\'t have extensive world models but do some optimization work.'"
1126238214358831104,2019-05-08 21:31:29,"b'@xuenay I also have a more precise version of ""agent"" here that makes a truth claim, which is approximately ""optimi\xe2\x80\xa6 https://t.co/vw04KYh1on'"
1126237449389142016,2019-05-08 21:28:27,"b""@xuenay pragmatism doesn't work philosophically because judging what is useful first requires judging what is true.\xe2\x80\xa6 https://t.co/u2A60sF3jY"""
1126181292993798144,2019-05-08 17:45:18,"b'@davidmanheim @VesselOfSpirit The main alternative is to, instead of deploying one agent optimizing U and one optim\xe2\x80\xa6 https://t.co/Jl7SgKZgxy'"
1125490397822590976,2019-05-06 19:59:56,"b'@ben_r_hoffman @ESYudkowsky @robinhanson It\'s not clear what ""opposite advice"" means for statements of fact (which\xe2\x80\xa6 https://t.co/T6Pe47zqId'"
1125455088112136193,2019-05-06 17:39:37,"b""@entirelyuseles @pastinaco The physical parts aren't agentic enough to have conflicts with, I think, kind of like y\xe2\x80\xa6 https://t.co/hxN5or6IlN"""
1125454471515914240,2019-05-06 17:37:10,"b""@entirelyuseles @pastinaco Atoms aren't agents, my claim is that there aren't multiple agents.  Agents are made of non-agents."""
1125454252883603459,2019-05-06 17:36:18,"b'@pastinaco To clarify, the sketchiness related to inclusive fitness is that having multiple conflicting goals that\xe2\x80\xa6 https://t.co/qQIcQwE3q7'"
1125451956124655620,2019-05-06 17:27:10,b'@pastinaco My main claim is that it is strange to claim that there are literally multiple agents (in the sense of r\xe2\x80\xa6 https://t.co/6ZBtzRSzFl'
1125451288404086784,2019-05-06 17:24:31,"b'@pastinaco The landscape is dynamic, which is compatible with a unitary utility function.  Unitary utility function\xe2\x80\xa6 https://t.co/x3m3VQUYxJ'"
1125445914418487297,2019-05-06 17:03:10,"b'@pastinaco also, economies of scope are still microeconomically efficient, and can be modeled as optimization of a unitary objective'"
1125445497236234241,2019-05-06 17:01:30,b'@pastinaco genotype results in one or more cognitive optimization processes at some point.  if there are multiple g\xe2\x80\xa6 https://t.co/BxbAaPPUPa'
1125444710212849664,2019-05-06 16:58:23,"b""@The_Lagrangian parasites are simpler and less agentic than their hosts; not certain, but I don't think they result\xe2\x80\xa6 https://t.co/RxoPGEMBJC"""
1125444160503160833,2019-05-06 16:56:12,"b'@JimDMiller yes, I would ontologize that as a performative pseudo-agent (reasonableness, not rationality).'"
1125314459088474112,2019-05-06 08:20:49,b'see also: player vs character https://t.co/V9zEiHzBmm'
1125313556285509632,2019-05-06 08:17:13,b'multi-agent theories of mind predict economic inefficiency built into the fabric of the mind.  this is sketchy from\xe2\x80\xa6 https://t.co/55WeqfMcpq'
1125279213370494976,2019-05-06 06:00:45,"b'I like talking to people who have agendas, since the agenda and relevant world models / strategies / etc become sal\xe2\x80\xa6 https://t.co/PbcqzxO7Vl'"
1125277375556546560,2019-05-06 05:53:27,b'@ben_r_hoffman someone who uses different ontologies at different times can be temporally consistent by virtue of h\xe2\x80\xa6 https://t.co/0aiiRw1zI4'
1125248131635875841,2019-05-06 03:57:15,"b""most of the mind's representations are too high-detail to be captured in a single verbal ontology, or even in a col\xe2\x80\xa6 https://t.co/2ZAOl1zQuq"""
1124391409501343744,2019-05-03 19:12:56,b'see also: conditional revealed preference https://t.co/yQhR1OxbZ7'
1124391408758996992,2019-05-03 19:12:56,b'3) synthesis: people pursue what they want through low-integrity social games because they are confused and lied to\xe2\x80\xa6 https://t.co/XO7JIPK7S7'
1124391407001657344,2019-05-03 19:12:56,"b'2) cynicism: people have base motives and pursue these through low-integrity social games, conscious goals are bogu\xe2\x80\xa6 https://t.co/NXkaKv3J6S'"
1124391406267592705,2019-05-03 19:12:56,"b""1) naivet\xc3\xa9: people's conscious goals are what they want, but they have mechanical, non-agentic failures in pursuing them (akrasia)"""
1121835467668742144,2019-04-26 17:56:32,"b""RT @reasonisfun: No demon deserves coercion.\n\nThere is an alternative to submitting to or suppressing them.\n\n(It's reason. The drink and ch\xe2\x80\xa6"""
1121834312003801088,2019-04-26 17:51:57,"b'RT @ben_r_hoffman: @webdevMason @KevinSimler That\'s what I was trying to say here: https://t.co/6cf5SbyI2J\n\nThe ""reason"" of being attracted\xe2\x80\xa6'"
1118401502022918144,2019-04-17 06:31:11,"b'the objective is for explicit motives to be a map of implicit motives, that e.g. decision theory and logic can be a\xe2\x80\xa6 https://t.co/s3vlt9FOUb'"
1118400375982260224,2019-04-17 06:26:43,"b'when people notice me acting internally aligned, they often assume I have lots of willpower (ability to set implici\xe2\x80\xa6 https://t.co/hNY6ZxgvmI'"
1118273765761146881,2019-04-16 22:03:36,"b'Follow up hypothesis: maybe people will lose weight if they have more, longer-lasting food stored in their house, a\xe2\x80\xa6 https://t.co/fWn9dsSozz'"
1118262324559671296,2019-04-16 21:18:09,b'\xe2\x80\x9cOften food hoarding is directly connected to significant neglect that the child has experienced in consistently ha\xe2\x80\xa6 https://t.co/4Y0aAkFCfY'
1118259196481290241,2019-04-16 21:05:43,"b""Follow up hypothesis: fat shaming is similar to shaming of people who hoard food or other resources; they're people\xe2\x80\xa6 https://t.co/3hwotWB6hK"""
1118257548400791552,2019-04-16 20:59:10,b'Perhaps obesity is a rational response to implicit expectation of future food scarcity or other restrictions?\xe2\x80\xa6 https://t.co/nHj3E9kZ9D'
1118057358737805312,2019-04-16 07:43:41,"b'if something or someone is biased in a particular direction, you can counteract that bias (yielding a well calibrat\xe2\x80\xa6 https://t.co/8JCbILpgVM'"
1118032586356350976,2019-04-16 06:05:15,"b'the fact that ""interdisciplinary"" is the exception rather than the norm in academia indicates that it is largely co\xe2\x80\xa6 https://t.co/Wt67X5PNoX'"
1118031603551199232,2019-04-16 06:01:20,"b'that which is now called ""skepticism"" usually starts from a socially and politically determined ""default baseline n\xe2\x80\xa6 https://t.co/FWUTBy4eYC'"
1118029002176753664,2019-04-16 05:51:00,"b'@reasonisfun (the overcomingbias article is clear that, by default, academia tries not to understand, in the sense I mean here)'"
1118028620797059072,2019-04-16 05:49:29,b'@reasonisfun requiring strong and clear evidence (https://t.co/sie0yUNeHZ) before believing something.  not just us\xe2\x80\xa6 https://t.co/Z5BAI3UBlb'
1118005374395670528,2019-04-16 04:17:07,"b'not engaging substantively with what someone less locally powerful than you says, not clarifying, not arguing when\xe2\x80\xa6 https://t.co/0Y73xBVYyU'"
1117696488077815809,2019-04-15 07:49:43,"b'due to brevity, the twitter format encourages me to write for people trying to understand instead of people trying not to understand.  hmm.'"
1117678471948296192,2019-04-15 06:38:07,b'classical logic is to model theory as frequentism is to Bayesianism.  robust argument vs model.'
1117676860098244608,2019-04-15 06:31:43,b'apparently the tech industry is mostly composed of apocalypse cults https://t.co/HcgTqKN1vp'
1117673115713097730,2019-04-15 06:16:50,"b""that hypothesis you're afraid of might not be true, and definitely isn't the whole truth.  it is a Hegelian antithe\xe2\x80\xa6 https://t.co/FH8TKuED7O"""
1117670226433196032,2019-04-15 06:05:21,"b'internal psych blocks usually result from trying to not communicate, trying to hide things, trying to maintain a fa\xe2\x80\xa6 https://t.co/jcb1Jkde7M'"
1117184355657342976,2019-04-13 21:54:41,b'RT @zackmdavis: I wrote a post (building off the classic work of @ESYudkowsky) about the mathematical laws governing how to talk about dolp\xe2\x80\xa6'
1116983044831735808,2019-04-13 08:34:45,b'Occamian conjecturalism: we posit structures of reality https://t.co/s8xoGJ8g1v'
1116858977231314944,2019-04-13 00:21:45,b'this view also collapses uncertainty-within-model and model uncertainty into one.  ontology shifts are just changes\xe2\x80\xa6 https://t.co/nMtB139vrg'
1116858976539308032,2019-04-13 00:21:44,"b'this view differs from Bayesianism in that Bayesianism speaks of a hypothesis being ""true"", whereas generally no hu\xe2\x80\xa6 https://t.co/wLdEVI8w68'"
1116858975809486848,2019-04-13 00:21:44,"b'current theory of epistemology: minds start with primal entities (sensations, maybe others). entities get posited t\xe2\x80\xa6 https://t.co/bjIFLcxqxJ'"
1116855024548634625,2019-04-13 00:06:02,"b'actually, they can be easy to reach agreement on by mutually truth seeking parties, but hard to force non truth see\xe2\x80\xa6 https://t.co/7FtiERqatG'"
1116854623925493765,2019-04-13 00:04:27,"b'social structures (e.g. law, corporations, gender, friendship) actually exist, they are physically instantiated in\xe2\x80\xa6 https://t.co/CiRriCxbD0'"
1116096110437650432,2019-04-10 21:50:23,b'https://t.co/dtxGJ1fPUG'
1116074199536156672,2019-04-10 20:23:19,"b'ironically, environments people expect to be zero-sum are those where the greatest Pareto improvements are possible\xe2\x80\xa6 https://t.co/8XJ3YLLHY5'"
1115490877676216321,2019-04-09 05:45:24,"b'of course, the only ways out are to get enough reason on good foundations (e.g. math) to bootstrap your way out of\xe2\x80\xa6 https://t.co/PdkCFLkR6r'"
1115482865364426752,2019-04-09 05:13:34,"b'high-corruption equilibria maintain themselves by inserting malware into common sense, to the point where marginal\xe2\x80\xa6 https://t.co/Pi3Z6vS6iI'"
1115144226981928960,2019-04-08 06:47:56,b'a game: make model-based steering beat collective insanity in the competition for control over the world.  if steer\xe2\x80\xa6 https://t.co/g4AYkIJDBx'
1114775937218826241,2019-04-07 06:24:29,b'a magic trick actually does something in material reality while suggesting a false explanation for it'
1114755381866029057,2019-04-07 05:02:48,b'the ontology to metaphysics pipeline: turning models of possible ways of being (and information about e.g. what cir\xe2\x80\xa6 https://t.co/GVJYuHAvcG'
1114689525916168192,2019-04-07 00:41:07,"b'perhaps most of the work in improving things using insight is not in having the insight, but in repeatedly conveyin\xe2\x80\xa6 https://t.co/vktp4AhVvx'"
1114686581170819072,2019-04-07 00:29:25,b'objectivity is formed from subjectivity by stabilizing the ground so it seems you move while the ground stays still\xe2\x80\xa6 https://t.co/EqYCtntUHc'
1114677955689476096,2019-04-06 23:55:09,"b'if you assume you are already an agent, in the sense of a thing that steers the world (including itself) in a direc\xe2\x80\xa6 https://t.co/ab7T8nDjzS'"
1114673275475357696,2019-04-06 23:36:33,b'suffering results from acting against your values for narrative reasons.  provides narrative justification for taki\xe2\x80\xa6 https://t.co/25s8JLN1jn'
1114655964953583616,2019-04-06 22:27:46,b'why do people act like they forgot how to steer in the right direction?'
1114643718336700416,2019-04-06 21:39:06,b'coordination is increasing the capability of an aligned agent (and vice versa) to achieve the aligned interest toge\xe2\x80\xa6 https://t.co/9rWYx2ps58'
1114618246991204352,2019-04-06 19:57:53,"b""social harmony is generally caused by non-communication rather than by communication.  harmony isn't a moral bad bu\xe2\x80\xa6 https://t.co/xxlcKSarFk"""
1114239224171991040,2019-04-05 18:51:47,b'RT @HiFromMichaelV: https://t.co/8JmV0PX3yl'
1113911515411664896,2019-04-04 21:09:35,b'Conditional revealed preference https://t.co/yQhR1OxbZ7'
1113727599929221121,2019-04-04 08:58:46,b'people internalize a notion of being a good person because they are directly incentivized to.  then they don\xe2\x80\x99t sati\xe2\x80\xa6 https://t.co/343bbw8q5P'
1113726325288620032,2019-04-04 08:53:42,"b'to show not-X it is sufficient to show that X implies not-X.  X disproves itself, vanishing in a puff of logic, tra\xe2\x80\xa6 https://t.co/YUXhzEd8fp'"
1113723303045124096,2019-04-04 08:41:42,"b""wow, turns out I don't need to maintain an official reality fantasy narrative to myself anymore, yay."""
1113693850646667264,2019-04-04 06:44:40,"b""Zembrin is my current favorite mind altering substance; it's an OTC anti anxiety supplement.  It gets me to be way\xe2\x80\xa6 https://t.co/hmxbUDXdr0"""
1113677758071070720,2019-04-04 05:40:43,"b'if you lie to a shared map, there are likely other agents who also do so, and so the shared map lies back to you'"
1113557294095060992,2019-04-03 21:42:02,"b'forcing psych changes too fast is demanding that your code monkeys complete the code refactor on a harsh deadline,\xe2\x80\xa6 https://t.co/4CxAZReSWZ'"
1113556159527440384,2019-04-03 21:37:31,"b""your values are your metaphysics's steering direction/target.  to express your values, steer in the right direction."""
1113553678953144321,2019-04-03 21:27:40,"b'optimized processes are generally agentic.  the brain process determining what you feel is optimized, ergo agentic.\xe2\x80\xa6 https://t.co/HefQrJlxP2'"
1113547028036968448,2019-04-03 21:01:14,"b'your map exists prior to its presentation to consciousness as a set of high-level percepts.  this is obvious, becau\xe2\x80\xa6 https://t.co/IU8sivRsfp'"
1113545979918032896,2019-04-03 20:57:04,"b""conjectural definition: a cognitive process's metaphysics is its orientation with respect to the world: how the inp\xe2\x80\xa6 https://t.co/WtvztBGdXt"""
1113542860383473665,2019-04-03 20:44:41,b'the map should match the territory.  the map of the map of the territory should match the map of the territory.  to\xe2\x80\xa6 https://t.co/bSNeB0YMgC'
1113539469011873792,2019-04-03 20:31:12,"b""(introspection thoughts): what if fear/anxiety isn't always *of* something in particular, but is often a part of a\xe2\x80\xa6 https://t.co/FYURNG40Jl"""
1072741297880846336,2018-12-12 06:33:50,b'@EliBenSasson hi!  The STARK paper says STARKs work over prime fields.  The BAIR and APR definitions say the field\xe2\x80\xa6 https://t.co/ckd4f39RhM'
1025970745942274048,2018-08-05 05:04:22,b'hash code ed27f10957d5274b44c54c798d1147a2ee17ed831f139c7cfce91f7cb86504d8'
1019023686546755584,2018-07-17 00:59:14,b'I have a secret and its hash code is b4b36f19ab711055199971362f5e117a73f11532585be1e08c7cf3c104ba0d0c'
